GEOID,tract_name,population
17143002701,Census Tract 27.01,3757
17031809401,Census Tract 8094.01,2747
17119401905,Census Tract 4019.05,4748
17119402804,Census Tract 4028.04,2540
17119402805,Census Tract 4028.05,5592
17163501606,Census Tract 5016.06,3605
17197880432,Census Tract 8804.32,4275
17197880326,Census Tract 8803.26,3281
17197880426,Census Tract 8804.26,4181
17197880122,Census Tract 8801.22,5914
17197880315,Census Tract 8803.15,3846
17141961002,Census Tract 9610.02,3664
17007010601,Census Tract 106.01,3847
17111871110,Census Tract 8711.10,4360
17065973300,Census Tract 9733,2603
17111871111,Census Tract 8711.11,5352
17111871114,Census Tract 8711.14,4999
17161023300,Census Tract 233,3254
17163502200,Census Tract 5022,1171
17163502602,Census Tract 5026.02,4809
17031824126,Census Tract 8241.26,5951
17031804514,Census Tract 8045.14,4690
17161020800,Census Tract 208,5110
17161020600,Census Tract 206,2267
17031824128,Census Tract 8241.28,4638
17043845807,Census Tract 8458.07,6100
17031815600,Census Tract 8156,5608
17031818000,Census Tract 8180,4428
17031812000,Census Tract 8120,5666
17111871115,Census Tract 8711.15,2994
17085020402,Census Tract 204.02,2896
17085020401,Census Tract 204.01,2197
17031808002,Census Tract 8080.02,5281
17043843100,Census Tract 8431,3970
17043841204,Census Tract 8412.04,5974
17163503301,Census Tract 5033.01,3588
17031824125,Census Tract 8241.25,4098
17031824124,Census Tract 8241.24,3679
17163502500,Census Tract 5025,1004
17163503211,Census Tract 5032.11,4146
17111870103,Census Tract 8701.03,2517
17043846405,Census Tract 8464.05,3899
17125956500,Census Tract 9565,2990
17125956800,Census Tract 9568,2131
17037001004,Census Tract 10.04,2374
17031824701,Census Tract 8247.01,3782
17031824702,Census Tract 8247.02,5453
17031825200,Census Tract 8252,2016
17031816600,Census Tract 8166,4522
17183000400,Census Tract 4,3077
17097861301,Census Tract 8613.01,5080
17031816700,Census Tract 8167,2693
17197880111,Census Tract 8801.11,3683
17197880112,Census Tract 8801.12,2031
17197880113,Census Tract 8801.13,3725
17097860906,Census Tract 8609.06,10453
17031611600,Census Tract 6116,1921
17031340400,Census Tract 3404,1844
17031812100,Census Tract 8121,4763
17031828601,Census Tract 8286.01,4198
17031816800,Census Tract 8168,5765
17031770700,Census Tract 7707,2537
17031828602,Census Tract 8286.02,4666
17031710700,Census Tract 7107,3420
17111871201,Census Tract 8712.01,6779
17097990000,Census Tract 9900,0
17031828900,Census Tract 8289,3399
17031828802,Census Tract 8288.02,2982
17031060200,Census Tract 602,2313
17111870814,Census Tract 8708.14,3954
17111870502,Census Tract 8705.02,4637
17115002905,Census Tract 29.05,1549
17115002906,Census Tract 29.06,2721
17043841327,Census Tract 8413.27,4366
17185957400,Census Tract 9574,1986
17007010501,Census Tract 105.01,4501
17113000107,Census Tract 1.07,3931
17121952200,Census Tract 9522,3985
17121951700,Census Tract 9517,2478
17031680900,Census Tract 6809,3573
17031824400,Census Tract 8244,2007
17167001200,Census Tract 12,3377
17121951900,Census Tract 9519,2817
17121952100,Census Tract 9521,3175
17121952600,Census Tract 9526,2148
17121952700,Census Tract 9527,3345
17121952300,Census Tract 9523,3454
17121951800,Census Tract 9518,2288
17121951600,Census Tract 9516,3371
17167003602,Census Tract 36.02,4703
17057953300,Census Tract 9533,3278
17167003300,Census Tract 33,4845
17167003603,Census Tract 36.03,5693
17167001300,Census Tract 13,1724
17047957100,Census Tract 9571,2055
17047956900,Census Tract 9569,2153
17167003901,Census Tract 39.01,5325
17057953100,Census Tract 9531,2301
17057953500,Census Tract 9535,4273
17057952900,Census Tract 9529,3028
17057953000,Census Tract 9530,2120
17057953700,Census Tract 9537,2320
17057953900,Census Tract 9539,2474
17167002400,Census Tract 24,3310
17061973600,Census Tract 9736,3082
17167000900,Census Tract 9,2183
17167001001,Census Tract 10.01,2151
17143002600,Census Tract 26,1716
17043844100,Census Tract 8441,4077
17031834400,Census Tract 8344,3765
17143003000,Census Tract 30,4662
17143003101,Census Tract 31.01,5432
17031834300,Census Tract 8343,6240
17019005702,Census Tract 57.02,1559
17019005701,Census Tract 57.01,5030
17043844401,Census Tract 8444.01,4075
17197883210,Census Tract 8832.10,2735
17153971000,Census Tract 9710,2678
17153971100,Census Tract 9711,2515
17031821002,Census Tract 8210.02,5764
17167000700,Census Tract 7,2077
17143002800,Census Tract 28,3280
17167000800,Census Tract 8,1889
17143002400,Census Tract 24,4545
17143002500,Census Tract 25,3399
17031151100,Census Tract 1511,5140
17031151200,Census Tract 1512,3880
17031241500,Census Tract 2415,2954
17031810600,Census Tract 8106,4949
17031730400,Census Tract 7304,3386
17031817700,Census Tract 8177,4803
17031640500,Census Tract 6405,3896
17031640600,Census Tract 6406,4063
17031640700,Census Tract 6407,3298
17031640800,Census Tract 6408,1799
17031620400,Census Tract 6204,5027
17031810501,Census Tract 8105.01,5293
17031818200,Census Tract 8182,4762
17031800500,Census Tract 8005,5133
17067953800,Census Tract 9538,2598
17089851101,Census Tract 8511.01,4377
17089850105,Census Tract 8501.05,6895
17061973800,Census Tract 9738,1619
17031061902,Census Tract 619.02,4665
17031030102,Census Tract 301.02,3121
17031030103,Census Tract 301.03,2104
17113001800,Census Tract 18,3085
17097860813,Census Tract 8608.13,3300
17097860106,Census Tract 8601.06,3491
17019011001,Census Tract 110.01,2072
17111870812,Census Tract 8708.12,4715
17061973700,Census Tract 9737,1588
17061974000,Census Tract 9740,3381
17113002101,Census Tract 21.01,5052
17113002102,Census Tract 21.02,1542
17143003700,Census Tract 37,3757
17143003602,Census Tract 36.02,5345
17143004400,Census Tract 44,4365
17143004200,Census Tract 42,3570
17031806005,Census Tract 8060.05,3258
17031806006,Census Tract 8060.06,4885
17031804315,Census Tract 8043.15,2446
17031380600,Census Tract 3806,3947
17163501700,Census Tract 5017,3185
17163501900,Census Tract 5019,3269
17163501501,Census Tract 5015.01,1580
17019005602,Census Tract 56.02,2441
17031803015,Census Tract 8030.15,4631
17031803014,Census Tract 8030.14,3677
17031822400,Census Tract 8224,6362
17189950100,Census Tract 9501,3082
17197880508,Census Tract 8805.08,3775
17031804513,Census Tract 8045.13,4065
17161020302,Census Tract 203.02,2426
17133600502,Census Tract 6005.02,3172
17133600402,Census Tract 6004.02,4880
17133600501,Census Tract 6005.01,6872
17129010300,Census Tract 103,2305
17113001108,Census Tract 11.08,4656
17113000106,Census Tract 1.06,2568
17029000702,Census Tract 7.02,2767
17113000109,Census Tract 1.09,6001
17113000507,Census Tract 5.07,2779
17177001100,Census Tract 11,3224
17007010101,Census Tract 101.01,4396
17033880400,Census Tract 8804,2870
17033880300,Census Tract 8803,3338
17033880100,Census Tract 8801,2656
17033880600,Census Tract 8806,2910
17031040100,Census Tract 401,3905
17117957200,Census Tract 9572,4676
17117956700,Census Tract 9567,4011
17117956800,Census Tract 9568,2664
17117956300,Census Tract 9563,3073
17117956100,Census Tract 9561,3099
17117956600,Census Tract 9566,4575
17117956200,Census Tract 9562,2333
17031815200,Census Tract 8152,6901
17031815300,Census Tract 8153,3756
17197883602,Census Tract 8836.02,5508
17031823705,Census Tract 8237.05,4666
17197881105,Census Tract 8811.05,7543
17197880502,Census Tract 8805.02,4998
17031800200,Census Tract 8002,6466
17097861402,Census Tract 8614.02,8778
17033880500,Census Tract 8805,3414
17097864402,Census Tract 8644.02,8168
17097864403,Census Tract 8644.03,5852
17043841604,Census Tract 8416.04,4169
17097861303,Census Tract 8613.03,4778
17097861304,Census Tract 8613.04,3368
17031822302,Census Tract 8223.02,4447
17031822500,Census Tract 8225,4496
17031031300,Census Tract 313,6719
17033880200,Census Tract 8802,3491
17031816300,Census Tract 8163,4778
17089850400,Census Tract 8504,2553
17097864409,Census Tract 8644.09,4572
17031822301,Census Tract 8223.01,4088
17167002900,Census Tract 29,4921
17167003604,Census Tract 36.04,5750
17097864408,Census Tract 8644.08,6232
17097863100,Census Tract 8631,2563
17167003801,Census Tract 38.01,2559
17167003902,Census Tract 39.02,3953
17097864407,Census Tract 8644.07,6632
17031808500,Census Tract 8085,4239
17031191000,Census Tract 1910,2422
17097861403,Census Tract 8614.03,2556
17097861404,Census Tract 8614.04,5947
17031770400,Census Tract 7704,4375
17031800100,Census Tract 8001,2395
17031805108,Census Tract 8051.08,6400
17031160700,Census Tract 1607,5766
17043846305,Census Tract 8463.05,5687
17043841205,Census Tract 8412.05,4506
17031221300,Census Tract 2213,3062
17031221500,Census Tract 2215,2909
17043842100,Census Tract 8421,5891
17043844701,Census Tract 8447.01,4265
17043842000,Census Tract 8420,4400
17031805402,Census Tract 8054.02,5467
17031805501,Census Tract 8055.01,3998
17031410900,Census Tract 4109,3670
17031411000,Census Tract 4110,3902
17031411100,Census Tract 4111,2379
17031411200,Census Tract 4112,1713
17031800300,Census Tract 8003,3613
17031381700,Census Tract 3817,18
17043841603,Census Tract 8416.03,4709
17043840104,Census Tract 8401.04,6031
17031821600,Census Tract 8216,4542
17031821700,Census Tract 8217,4859
17031440300,Census Tract 4403,4677
17043844601,Census Tract 8446.01,3627
17115002100,Census Tract 21,1270
17119400904,Census Tract 4009.04,3162
17031810900,Census Tract 8109,6360
17031811000,Census Tract 8110,4258
17031271500,Census Tract 2715,1373
17031740100,Census Tract 7401,3234
17031740200,Census Tract 7402,5830
17031740300,Census Tract 7403,4869
17031812500,Census Tract 8125,3680
17031610300,Census Tract 6103,5410
17031681000,Census Tract 6810,2573
17031681100,Census Tract 6811,2873
17013951300,Census Tract 9513,2131
17013951200,Census Tract 9512,2306
17031805106,Census Tract 8051.06,2778
17031805107,Census Tract 8051.07,6793
17001000400,Census Tract 4,3793
17031380100,Census Tract 3801,2207
17031380200,Census Tract 3802,2408
17031611300,Census Tract 6113,3668
17031611400,Census Tract 6114,3737
17031750600,Census Tract 7506,3420
17031560400,Census Tract 5604,1630
17031730700,Census Tract 7307,2281
17031610800,Census Tract 6108,1512
17031812400,Census Tract 8124,3458
17073030900,Census Tract 309,3570
17073030400,Census Tract 304,2482
17073031100,Census Tract 311,2613
17031381200,Census Tract 3812,2077
17031381400,Census Tract 3814,1796
17031804710,Census Tract 8047.10,4292
17031810800,Census Tract 8108,5124
17031816401,Census Tract 8164.01,4664
17031816402,Census Tract 8164.02,4460
17197880105,Census Tract 8801.05,7471
17173959300,Census Tract 9593,4935
17173959400,Census Tract 9594,3333
17173959500,Census Tract 9595,3463
17173959200,Census Tract 9592,2775
17173959600,Census Tract 9596,3040
17173959100,Census Tract 9591,3444
17031440800,Census Tract 4408,1620
17031827100,Census Tract 8271,2265
17031827200,Census Tract 8272,3693
17031381800,Census Tract 3818,1462
17031381900,Census Tract 3819,1106
17031390100,Census Tract 3901,1553
17031390200,Census Tract 3902,1883
17031390300,Census Tract 3903,2617
17031440700,Census Tract 4407,1497
17031750400,Census Tract 7504,2909
17031750500,Census Tract 7505,5618
17001001001,Census Tract 10.01,3245
17149952700,Census Tract 9527,4362
17031820000,Census Tract 8200,2230
17031827400,Census Tract 8274,3230
17031803500,Census Tract 8035,5803
17031803604,Census Tract 8036.04,4209
17031825501,Census Tract 8255.01,5766
17031810302,Census Tract 8103.02,3360
17031810400,Census Tract 8104,5409
17031620100,Census Tract 6201,4567
17031620200,Census Tract 6202,2390
17031620300,Census Tract 6203,6410
17031821101,Census Tract 8211.01,4876
17031291200,Census Tract 2912,2286
17031421200,Census Tract 4212,1405
17031806001,Census Tract 8060.01,5818
17031243100,Census Tract 2431,2249
17031242900,Census Tract 2429,1962
17031243000,Census Tract 2430,2234
17031711000,Census Tract 7110,3058
17001000900,Census Tract 9,2572
17031440600,Census Tract 4406,1996
17031440900,Census Tract 4409,2462
17031819600,Census Tract 8196,4083
17031827000,Census Tract 8270,2968
17031680500,Census Tract 6805,1307
17031803400,Census Tract 8034,6592
17031750200,Census Tract 7502,3024
17031750300,Census Tract 7503,2470
17031819802,Census Tract 8198.02,2741
17031221400,Census Tract 2214,3385
17031819900,Census Tract 8199,3514
17043845602,Census Tract 8456.02,4965
17031460400,Census Tract 4604,3411
17031460500,Census Tract 4605,5400
17031461000,Census Tract 4610,1460
17031650400,Census Tract 6504,6894
17031431200,Census Tract 4312,2898
17031611500,Census Tract 6115,3587
17031611900,Census Tract 6119,1984
17031681200,Census Tract 6812,2353
17031290900,Census Tract 2909,3975
17031710900,Census Tract 7109,1942
17031612000,Census Tract 6120,1448
17031612100,Census Tract 6121,1168
17031221000,Census Tract 2210,2432
17031221100,Census Tract 2211,4440
17031242800,Census Tract 2428,1507
17031807500,Census Tract 8075,3327
17197880124,Census Tract 8801.24,3940
17043844308,Census Tract 8443.08,2383
17089854402,Census Tract 8544.02,3726
17089853601,Census Tract 8536.01,3002
17031807300,Census Tract 8073,7718
17031807400,Census Tract 8074,6824
17043842706,Census Tract 8427.06,4787
17031080100,Census Tract 801,6388
17031080300,Census Tract 803,5499
17031080400,Census Tract 804,4569
17001000600,Census Tract 6,3590
17001000700,Census Tract 7,1243
17199020201,Census Tract 202.01,5552
17031160800,Census Tract 1608,4997
17001001002,Census Tract 10.02,3109
17101880900,Census Tract 8809,2711
17101880800,Census Tract 8808,4948
17031250600,Census Tract 2506,4203
17031250700,Census Tract 2507,5932
17197883218,Census Tract 8832.18,4279
17111870905,Census Tract 8709.05,4683
17119400600,Census Tract 4006,2378
17119400801,Census Tract 4008.01,1784
17143004902,Census Tract 49.02,4961
17143004500,Census Tract 45,4892
17143003800,Census Tract 38,3050
17143000300,Census Tract 3,1792
17077011702,Census Tract 117.02,2768
17077011001,Census Tract 110.01,1653
17029000300,Census Tract 3,4293
17077011701,Census Tract 117.01,1354
17077010601,Census Tract 106.01,1970
17077011002,Census Tract 110.02,4495
17029000400,Census Tract 4,2629
17115000600,Census Tract 6,1625
17115000400,Census Tract 4,1175
17143001300,Census Tract 13,1745
17115002001,Census Tract 20.01,1039
17019000700,Census Tract 7,3290
17115000502,Census Tract 5.02,2415
17163500900,Census Tract 5009,2485
17093890201,Census Tract 8902.01,4416
17113005102,Census Tract 51.02,7385
17143000200,Census Tract 2,1513
17143004102,Census Tract 41.02,3086
17143003900,Census Tract 39,9246
17143004101,Census Tract 41.01,7350
17143004802,Census Tract 48.02,4210
17143003402,Census Tract 34.02,4276
17143004600,Census Tract 46,5052
17143003601,Census Tract 36.01,2815
17143003300,Census Tract 33,3021
17143004801,Census Tract 48.01,4355
17143000900,Census Tract 9,2723
17143001200,Census Tract 12,1467
17085020102,Census Tract 201.02,2460
17085020101,Census Tract 201.01,1778
17113005401,Census Tract 54.01,7291
17113005402,Census Tract 54.02,3708
17113000506,Census Tract 5.06,3752
17119400802,Census Tract 4008.02,5869
17143000600,Census Tract 6,2560
17143002200,Census Tract 22,4082
17143003200,Census Tract 32,4142
17179021802,Census Tract 218.02,1939
17179021603,Census Tract 216.03,5752
17043840102,Census Tract 8401.02,4734
17043840103,Census Tract 8401.03,6440
17179021701,Census Tract 217.01,5916
17179020500,Census Tract 205,4267
17179021201,Census Tract 212.01,4919
17097860807,Census Tract 8608.07,3469
17179022100,Census Tract 221,3352
17179021702,Census Tract 217.02,5547
17179022300,Census Tract 223,6033
17179020302,Census Tract 203.02,4929
17179021203,Census Tract 212.03,4866
17179022000,Census Tract 220,4090
17179021202,Census Tract 212.02,3139
17179020100,Census Tract 201,2458
17179020301,Census Tract 203.01,4544
17179021801,Census Tract 218.01,5040
17179021500,Census Tract 215,6940
17179021606,Census Tract 216.06,6158
17179020700,Census Tract 207,4281
17113001105,Census Tract 11.05,4744
17113005900,Census Tract 59,4100
17019000800,Census Tract 8,6052
17113006000,Census Tract 60,3694
17031802610,Census Tract 8026.10,1757
17031802609,Census Tract 8026.09,6290
17197881111,Census Tract 8811.11,2971
17031030601,Census Tract 306.01,3293
17031081202,Census Tract 812.02,3357
17031063303,Census Tract 633.03,1274
17027900100,Census Tract 9001,6512
17027900200,Census Tract 9002,1910
17027900500,Census Tract 9005,5664
17027900300,Census Tract 9003,6928
17161021900,Census Tract 219,1594
17019000200,Census Tract 2,2266
17019000500,Census Tract 5,3608
17111870603,Census Tract 8706.03,4357
17089854200,Census Tract 8542,4700
17179021605,Census Tract 216.05,2642
17179021900,Census Tract 219,4351
17179022200,Census Tract 222,4449
17179022400,Census Tract 224,4671
17089854100,Census Tract 8541,4117
17197884003,Census Tract 8840.03,4400
17161021000,Census Tract 210,3812
17161021100,Census Tract 211,3862
17169970300,Census Tract 9703,1747
17169970200,Census Tract 9702,3068
17169970100,Census Tract 9701,2087
17043840202,Census Tract 8402.02,5065
17043844402,Census Tract 8444.02,4670
17167002001,Census Tract 20.01,3711
17167003702,Census Tract 37.02,4234
17031809700,Census Tract 8097,3714
17031809800,Census Tract 8098,2678
17031809900,Census Tract 8099,3046
17031720200,Census Tract 7202,4131
17031720300,Census Tract 7203,3637
17031251000,Census Tract 2510,1075
17031251100,Census Tract 2511,4468
17031818100,Census Tract 8181,2330
17031826100,Census Tract 8261,5931
17031730500,Census Tract 7305,4220
17031810502,Census Tract 8105.02,5355
17031818402,Census Tract 8184.02,3282
17031160900,Census Tract 1609,2410
17031829200,Census Tract 8292,5547
17031829301,Census Tract 8293.01,3931
17031818800,Census Tract 8188,5692
17031161000,Census Tract 1610,1899
17031828401,Census Tract 8284.01,3598
17149952600,Census Tract 9526,2915
17149952800,Census Tract 9528,2094
17149952500,Census Tract 9525,2431
17149952400,Census Tract 9524,2937
17031630300,Census Tract 6303,5385
17031630500,Census Tract 6305,6271
17031241100,Census Tract 2411,3574
17031241600,Census Tract 2416,3534
17031241300,Census Tract 2413,1848
17031241400,Census Tract 2414,5273
17031630800,Census Tract 6308,6641
17031630900,Census Tract 6309,5204
17031640100,Census Tract 6401,1312
17031711100,Census Tract 7111,2499
17031711200,Census Tract 7112,4687
17031711500,Census Tract 7115,2372
17031650100,Census Tract 6501,4765
17031650200,Census Tract 6502,7251
17031803607,Census Tract 8036.07,4819
17031809500,Census Tract 8095,4346
17031809600,Census Tract 8096,3319
17031811401,Census Tract 8114.01,5001
17031820300,Census Tract 8203,5588
17091011500,Census Tract 115,1987
17031010300,Census Tract 103,6305
17031010400,Census Tract 104,5079
17031010600,Census Tract 106,6225
17009970400,Census Tract 9704,2349
17031611800,Census Tract 6118,2205
17031826500,Census Tract 8265,5614
17031825302,Census Tract 8253.02,5938
17031824107,Census Tract 8241.07,6747
17031240200,Census Tract 2402,1556
17031824105,Census Tract 8241.05,7297
17031100200,Census Tract 1002,7024
17031830202,Census Tract 8302.02,3377
17031061200,Census Tract 612,1932
17091011100,Census Tract 111,1873
17197881011,Census Tract 8810.11,3401
17043846004,Census Tract 8460.04,3756
17031150402,Census Tract 1504.02,3831
17031440101,Census Tract 4401.01,4171
17031301701,Census Tract 3017.01,4279
17197880510,Census Tract 8805.10,3187
17031804509,Census Tract 8045.09,6012
17043841326,Census Tract 8413.26,3356
17043841314,Census Tract 8413.14,6288
17043841404,Census Tract 8414.04,3223
17137952300,Census Tract 9523,3210
17137951600,Census Tract 9516,3146
17137952000,Census Tract 9520,3786
17079977400,Census Tract 9774,2671
17031829401,Census Tract 8294.01,1049
17031806004,Census Tract 8060.04,7554
17031806300,Census Tract 8063,4687
17043845811,Census Tract 8458.11,3891
17031150401,Census Tract 1504.01,4681
17031150502,Census Tract 1505.02,4239
17031110502,Census Tract 1105.02,3220
17031580501,Census Tract 5805.01,5170
17031580502,Census Tract 5805.02,5345
17031730201,Census Tract 7302.01,5627
17031301802,Census Tract 3018.02,3376
17201003605,Census Tract 36.05,1963
17201000402,Census Tract 4.02,3009
17197883809,Census Tract 8838.09,3630
17043844305,Census Tract 8443.05,3962
17197880305,Census Tract 8803.05,5410
17043846003,Census Tract 8460.03,4490
17031826301,Census Tract 8263.01,3923
17031826303,Census Tract 8263.03,4068
17031730600,Census Tract 7306,3254
17031802801,Census Tract 8028.01,5041
17031818900,Census Tract 8189,4496
17197883401,Census Tract 8834.01,4018
17031827700,Census Tract 8277,2452
17031826402,Census Tract 8264.02,4728
17031811301,Census Tract 8113.01,4802
17031820400,Census Tract 8204,5556
17031828402,Census Tract 8284.02,3688
17031820902,Census Tract 8209.02,5051
17031828504,Census Tract 8285.04,5474
17031829302,Census Tract 8293.02,3633
17031640300,Census Tract 6403,6710
17031720700,Census Tract 7207,3073
17031825803,Census Tract 8258.03,5908
17031825900,Census Tract 8259,3296
17031050100,Census Tract 501,2568
17031829000,Census Tract 8290,882
17031420100,Census Tract 4201,1642
17031420200,Census Tract 4202,1781
17031420400,Census Tract 4204,1544
17031420700,Census Tract 4207,3021
17031801100,Census Tract 8011,4871
17031801200,Census Tract 8012,3651
17031821402,Census Tract 8214.02,3200
17031804706,Census Tract 8047.06,2553
17091011700,Census Tract 117,3151
17031826901,Census Tract 8269.01,1462
17031826902,Census Tract 8269.02,1255
17031803007,Census Tract 8030.07,5153
17095001000,Census Tract 10,3657
17095000200,Census Tract 2,2985
17091011800,Census Tract 118,2653
17095001300,Census Tract 13,3722
17091011600,Census Tract 116,1589
17089852607,Census Tract 8526.07,3611
17089852203,Census Tract 8522.03,4997
17089852608,Census Tract 8526.08,3703
17089854506,Census Tract 8545.06,3887
17089852005,Census Tract 8520.05,4902
17031450300,Census Tract 4503,3252
17031460200,Census Tract 4602,1948
17089850705,Census Tract 8507.05,9050
17089850704,Census Tract 8507.04,4916
17031430800,Census Tract 4308,1862
17031430500,Census Tract 4305,4098
17031430900,Census Tract 4309,1797
17031816900,Census Tract 8169,5561
17031826304,Census Tract 8263.04,2874
17031740400,Census Tract 7404,4695
17031803005,Census Tract 8030.05,2614
17031170100,Census Tract 1701,2034
17031221600,Census Tract 2216,3159
17031242100,Census Tract 2421,3976
17031110400,Census Tract 1104,4522
17031071500,Census Tract 715,6282
17031071800,Census Tract 718,2652
17001010200,Census Tract 102,3634
17001000500,Census Tract 5,1719
17001010100,Census Tract 101,4403
17031830001,Census Tract 8300.01,2432
17031830006,Census Tract 8300.06,2526
17001010400,Census Tract 104,3605
17001000202,Census Tract 2.02,2870
17001010500,Census Tract 105,3069
17001010600,Census Tract 106,5842
17031750100,Census Tract 7501,3736
17031806400,Census Tract 8064,2492
17031806501,Census Tract 8065.01,2665
17031161100,Census Tract 1611,1940
17031161200,Census Tract 1612,2820
17031827802,Census Tract 8278.02,3314
17031827804,Census Tract 8278.04,3149
17031161300,Census Tract 1613,3899
17031430400,Census Tract 4304,3031
17031430600,Census Tract 4306,1670
17031810000,Census Tract 8100,5640
17031720400,Census Tract 7204,1961
17031720500,Census Tract 7205,2086
17031720600,Census Tract 7206,1691
17031821001,Census Tract 8210.01,5205
17031812200,Census Tract 8122,3984
17031826600,Census Tract 8266,4595
17031826700,Census Tract 8267,4573
17031711300,Census Tract 7113,1462
17031711400,Census Tract 7114,2394
17031140400,Census Tract 1404,6503
17197881116,Census Tract 8811.16,3809
17197883516,Census Tract 8835.16,8095
17197881601,Census Tract 8816.01,1979
17197882802,Census Tract 8828.02,3018
17031804511,Census Tract 8045.11,2426
17043846504,Census Tract 8465.04,6350
17031807700,Census Tract 8077,6147
17111871404,Census Tract 8714.04,4389
17031807900,Census Tract 8079,4201
17031140200,Census Tract 1402,5834
17031140500,Census Tract 1405,3451
17109010402,Census Tract 104.02,3565
17109980000,Census Tract 9800,2043
17109010401,Census Tract 104.01,1031
17185957300,Census Tract 9573,3051
17141961700,Census Tract 9617,4965
17043845401,Census Tract 8454.01,3656
17001000100,Census Tract 1,4644
17001000201,Census Tract 2.01,2067
17031600700,Census Tract 6007,2591
17031600900,Census Tract 6009,3682
17031806202,Census Tract 8062.02,4998
17141961200,Census Tract 9612,7183
17141960900,Census Tract 9609,4604
17141960700,Census Tract 9607,4328
17141961400,Census Tract 9614,3975
17031838100,Census Tract 8381,1821
17031833300,Census Tract 8333,2912
17031838200,Census Tract 8382,1675
17089852201,Census Tract 8522.01,4832
17089852904,Census Tract 8529.04,2079
17141961500,Census Tract 9615,4310
17141961100,Census Tract 9611,3791
17089852403,Census Tract 8524.03,5111
17141960800,Census Tract 9608,3412
17141961600,Census Tract 9616,3295
17031150600,Census Tract 1506,3882
17031150700,Census Tract 1507,4429
17031150800,Census Tract 1508,4903
17031826000,Census Tract 8260,2660
17043841504,Census Tract 8415.04,2970
17043841607,Census Tract 8416.07,4884
17031251200,Census Tract 2512,3910
17031251300,Census Tract 2513,5098
17089850202,Census Tract 8502.02,6823
17089850201,Census Tract 8502.01,4156
17089853004,Census Tract 8530.04,3228
17197883216,Census Tract 8832.16,3249
17197883517,Census Tract 8835.17,3266
17197880602,Census Tract 8806.02,3389
17197881009,Census Tract 8810.09,7972
17043845902,Census Tract 8459.02,3489
17043845402,Census Tract 8454.02,3060
17043841313,Census Tract 8413.13,2872
17043841325,Census Tract 8413.25,5535
17083010402,Census Tract 104.02,1877
17083010401,Census Tract 104.01,6098
17031804609,Census Tract 8046.09,6147
17031804608,Census Tract 8046.08,4027
17031839100,Census Tract 8391,8234
17031833100,Census Tract 8331,9493
17137951400,Census Tract 9514,2400
17137951700,Census Tract 9517,2888
17137952200,Census Tract 9522,2980
17137951500,Census Tract 9515,2894
17199020100,Census Tract 201,3483
17199020300,Census Tract 203,5067
17199020600,Census Tract 206,3798
17043846408,Census Tract 8464.08,4291
17089851102,Census Tract 8511.02,3710
17089852807,Census Tract 8528.07,3897
17089852806,Census Tract 8528.06,6814
17043846412,Census Tract 8464.12,4726
17043846410,Census Tract 8464.10,5071
17113005800,Census Tract 58,4210
17199020900,Census Tract 209,4704
17199021200,Census Tract 212,4404
17163504352,Census Tract 5043.52,4203
17053962000,Census Tract 9620,3571
17071973300,Census Tract 9733,1999
17071973400,Census Tract 9734,1701
17071973500,Census Tract 9735,2687
17143003104,Census Tract 31.04,3467
17031804202,Census Tract 8042.02,7793
17031804701,Census Tract 8047.01,7045
17031803605,Census Tract 8036.05,7002
17031130200,Census Tract 1302,1403
17031062500,Census Tract 625,1675
17043844309,Census Tract 8443.09,2390
17031062600,Census Tract 626,2477
17031062700,Census Tract 627,2955
17031062800,Census Tract 628,3851
17031062900,Census Tract 629,4125
17031063000,Census Tract 630,3417
17031062400,Census Tract 624,1673
17031063100,Census Tract 631,2376
17031063200,Census Tract 632,6900
17031063400,Census Tract 634,2417
17031090300,Census Tract 903,1314
17035972400,Census Tract 9724,2913
17019005901,Census Tract 59.01,2722
17043840304,Census Tract 8403.04,3627
17043841308,Census Tract 8413.08,4028
17059972800,Census Tract 9728,2642
17197883304,Census Tract 8833.04,1721
17099961701,Census Tract 9617.01,6351
17043846312,Census Tract 8463.12,4506
17031070102,Census Tract 701.02,3063
17111870703,Census Tract 8707.03,5350
17111871301,Census Tract 8713.01,4831
17111870810,Census Tract 8708.10,4406
17111870702,Census Tract 8707.02,7588
17111870604,Census Tract 8706.04,6113
17111870200,Census Tract 8702,5959
17111871305,Census Tract 8713.05,6502
17097860200,Census Tract 8602,3492
17043842702,Census Tract 8427.02,4479
17043840901,Census Tract 8409.01,3833
17043846404,Census Tract 8464.04,6135
17031819200,Census Tract 8192,6154
17091012300,Census Tract 123,4080
17091011300,Census Tract 113,2091
17107953000,Census Tract 9530,2365
17107953100,Census Tract 9531,3103
17037000700,Census Tract 7,3694
17037000900,Census Tract 9,4960
17037001600,Census Tract 16,4383
17037000500,Census Tract 5,4070
17131040100,Census Tract 401,4518
17131040200,Census Tract 402,3518
17131040400,Census Tract 404,3880
17161022800,Census Tract 228,5335
17161023000,Census Tract 230,3998
17161022900,Census Tract 229,2815
17043846524,Census Tract 8465.24,4709
17171970600,Census Tract 9706,1685
17171970700,Census Tract 9707,3264
17043842703,Census Tract 8427.03,4039
17037000600,Census Tract 6,5919
17043846314,Census Tract 8463.14,3332
17043846603,Census Tract 8466.03,4070
17159978300,Census Tract 9783,3315
17159977900,Census Tract 9779,3784
17159978100,Census Tract 9781,4009
17159978000,Census Tract 9780,2033
17043846517,Census Tract 8465.17,6116
17097864305,Census Tract 8643.05,4030
17097864518,Census Tract 8645.18,5594
17043841501,Census Tract 8415.01,5927
17043841801,Census Tract 8418.01,5305
17107952900,Census Tract 9529,3532
17107953600,Census Tract 9536,3108
17107953500,Census Tract 9535,5069
17037001400,Census Tract 14,6371
17037001900,Census Tract 19,2363
17037000100,Census Tract 1,6737
17037001500,Census Tract 15,3831
17037001700,Census Tract 17,3388
17037000300,Census Tract 3,2520
17043843602,Census Tract 8436.02,3106
17043843601,Census Tract 8436.01,3426
17043844307,Census Tract 8443.07,3749
17043844306,Census Tract 8443.06,5956
17197883603,Census Tract 8836.03,3012
17043846518,Census Tract 8465.18,3648
17119401400,Census Tract 4014,3032
17119403801,Census Tract 4038.01,5198
17119400903,Census Tract 4009.03,5201
17119403121,Census Tract 4031.21,9528
17031829402,Census Tract 8294.02,3088
17201000511,Census Tract 5.11,2511
17163503101,Census Tract 5031.01,2525
17043841901,Census Tract 8419.01,2467
17043846311,Census Tract 8463.11,5232
17043846105,Census Tract 8461.05,3499
17043846409,Census Tract 8464.09,4529
17043846522,Census Tract 8465.22,4046
17159978200,Census Tract 9782,2672
17163504357,Census Tract 5043.57,4408
17163504356,Census Tract 5043.56,4519
17201000506,Census Tract 5.06,4166
17043841310,Census Tract 8413.10,3512
17043841110,Census Tract 8411.10,3478
17043840906,Census Tract 8409.06,2970
17043840910,Census Tract 8409.10,4918
17043841209,Census Tract 8412.09,3952
17087977700,Census Tract 9777,3067
17087977600,Census Tract 9776,4332
17031804804,Census Tract 8048.04,6809
17063000800,Census Tract 8,5465
17063000500,Census Tract 5,2799
17063000600,Census Tract 6,2826
17119401102,Census Tract 4011.02,3520
17063000300,Census Tract 3,3350
17063000900,Census Tract 9,3593
17063000700,Census Tract 7,6113
17063000200,Census Tract 2,6864
17063000400,Census Tract 4,5675
17073030302,Census Tract 303.02,3464
17043844502,Census Tract 8445.02,3247
17197883700,Census Tract 8837,3255
17197883806,Census Tract 8838.06,3281
17089853001,Census Tract 8530.01,3586
17031210502,Census Tract 2105.02,4099
17111871105,Census Tract 8711.05,5227
17111871207,Census Tract 8712.07,4772
17043841708,Census Tract 8417.08,4594
17119402721,Census Tract 4027.21,7722
17119401800,Census Tract 4018,5977
17119400700,Census Tract 4007,1498
17119401200,Census Tract 4012,1853
17089851911,Census Tract 8519.11,5317
17089852204,Census Tract 8522.04,4467
17097864109,Census Tract 8641.09,6196
17031310200,Census Tract 3102,1588
17031561000,Census Tract 5610,5308
17161024400,Census Tract 244,1896
17031500200,Census Tract 5002,1688
17031500300,Census Tract 5003,1587
17089852406,Census Tract 8524.06,2874
17117956900,Census Tract 9569,3579
17043846521,Census Tract 8465.21,5036
17097861803,Census Tract 8618.03,6683
17043846523,Census Tract 8465.23,2775
17043846310,Census Tract 8463.10,4551
17197883219,Census Tract 8832.19,3766
17179021604,Census Tract 216.04,1921
17143001600,Census Tract 16,3444
17089854001,Census Tract 8540.01,4099
17119403401,Census Tract 4034.01,3846
17119403531,Census Tract 4035.31,8319
17119401701,Census Tract 4017.01,2556
17031801702,Census Tract 8017.02,4756
17097864110,Census Tract 8641.10,6233
17097864207,Census Tract 8642.07,7478
17097864208,Census Tract 8642.08,3878
17097864524,Census Tract 8645.24,3297
17161022200,Census Tract 222,4006
17163503304,Census Tract 5033.04,6759
17031190601,Census Tract 1906.01,4382
17031191301,Census Tract 1913.01,5214
17031200402,Census Tract 2004.02,4192
17089850101,Census Tract 8501.01,6608
17043846604,Census Tract 8466.04,3697
17089850103,Census Tract 8501.03,6034
17163503800,Census Tract 5038,1280
17113005201,Census Tract 52.01,1197
17201003708,Census Tract 37.08,3086
17201003806,Census Tract 38.06,5090
17091011900,Census Tract 119,1317
17091010900,Census Tract 109,4294
17119401101,Census Tract 4011.01,2739
17091011400,Census Tract 114,1623
17091011000,Census Tract 110,1847
17091012500,Census Tract 125,2103
17091010400,Census Tract 104,5011
17091012600,Census Tract 126,4221
17091010300,Census Tract 103,3671
17091010100,Census Tract 101,2450
17091011200,Census Tract 112,2024
17091010500,Census Tract 105,6718
17091010800,Census Tract 108,3624
17091012100,Census Tract 121,3352
17091012200,Census Tract 122,3215
17201004002,Census Tract 40.02,6613
17201000103,Census Tract 1.03,2729
17201004003,Census Tract 40.03,2102
17031700502,Census Tract 7005.02,2978
17089854900,Census Tract 8549,5433
17031061901,Census Tract 619.01,3625
17031840800,Census Tract 8408,3332
17031030703,Census Tract 307.03,3075
17089852300,Census Tract 8523,2052
17089852004,Census Tract 8520.04,2911
17031490902,Census Tract 4909.02,4647
17089852500,Census Tract 8525,6500
17197881401,Census Tract 8814.01,3413
17197882701,Census Tract 8827.01,2499
17031700501,Census Tract 7005.01,6912
17197880324,Census Tract 8803.24,5198
17201003706,Census Tract 37.06,6474
17201003801,Census Tract 38.01,6457
17201003901,Census Tract 39.01,4983
17197880414,Census Tract 8804.14,4281
17197883209,Census Tract 8832.09,2901
17197880601,Census Tract 8806.01,3069
17201001200,Census Tract 12,2191
17201003805,Census Tract 38.05,7284
17031200401,Census Tract 2004.01,3743
17031220902,Census Tract 2209.02,2959
17031210501,Census Tract 2105.01,3555
17031160601,Census Tract 1606.01,3380
17201003705,Census Tract 37.05,4749
17201004100,Census Tract 41,5153
17201003707,Census Tract 37.07,3579
17201003903,Census Tract 39.03,6095
17031431302,Census Tract 4313.02,4351
17031460302,Census Tract 4603.02,3282
17031460301,Census Tract 4603.01,2987
17201003709,Census Tract 37.09,1907
17201003606,Census Tract 36.06,2670
17197880905,Census Tract 8809.05,2705
17201002200,Census Tract 22,3508
17201003904,Census Tract 39.04,4762
17163503322,Census Tract 5033.22,7555
17201003601,Census Tract 36.01,1565
17201000300,Census Tract 3,3786
17043846411,Census Tract 8464.11,5312
17031710600,Census Tract 7106,1706
17031710800,Census Tract 7108,4804
17031220702,Census Tract 2207.02,3653
17031842100,Census Tract 8421,6650
17031824115,Census Tract 8241.15,3843
17031843300,Census Tract 8433,1572
17043845805,Census Tract 8458.05,4145
17043846002,Census Tract 8460.02,4737
17043846201,Census Tract 8462.01,5855
17097864308,Census Tract 8643.08,4528
17031590500,Census Tract 5905,1854
17031830007,Census Tract 8300.07,4638
17043841706,Census Tract 8417.06,4564
17043842709,Census Tract 8427.09,3471
17043841321,Census Tract 8413.21,2391
17043841318,Census Tract 8413.18,2835
17043841503,Census Tract 8415.03,3600
17043841605,Census Tract 8416.05,3552
17097861107,Census Tract 8611.07,4047
17097863003,Census Tract 8630.03,5857
17031140702,Census Tract 1407.02,5535
17031140602,Census Tract 1406.02,5041
17031140701,Census Tract 1407.01,2784
17031160502,Census Tract 1605.02,3300
17031210601,Census Tract 2106.01,2717
17031812302,Census Tract 8123.02,2681
17031081403,Census Tract 814.03,9843
17031030702,Census Tract 307.02,2318
17089854800,Census Tract 8548,7998
17089854600,Census Tract 8546,3976
17201000101,Census Tract 1.01,4727
17201002100,Census Tract 21,1780
17031440102,Census Tract 4401.02,3633
17031440202,Census Tract 4402.02,3525
17031803012,Census Tract 8030.12,2234
17031802607,Census Tract 8026.07,1536
17161024200,Census Tract 242,4045
17031836700,Census Tract 8367,2481
17031836800,Census Tract 8368,2645
17201003710,Census Tract 37.10,2551
17133600401,Census Tract 6004.01,7144
17031812802,Census Tract 8128.02,2521
17031301801,Census Tract 3018.01,3947
17031700301,Census Tract 7003.01,5762
17031301702,Census Tract 3017.02,4121
17097864307,Census Tract 8643.07,1861
17031240300,Census Tract 2403,1362
17043846205,Census Tract 8462.05,3708
17031700200,Census Tract 7002,6554
17031671600,Census Tract 6716,1804
17031830700,Census Tract 8307,4006
17031240500,Census Tract 2405,2610
17031835200,Census Tract 8352,2038
17031839900,Census Tract 8399,4431
17031070700,Census Tract 707,3699
17111871108,Census Tract 8711.08,5556
17089854700,Census Tract 8547,2345
17111871311,Census Tract 8713.11,4786
17043846203,Census Tract 8462.03,4383
17197880511,Census Tract 8805.11,3997
17197880422,Census Tract 8804.22,3788
17197880316,Census Tract 8803.16,3824
17201002400,Census Tract 24,2464
17201002500,Census Tract 25,2626
17043845000,Census Tract 8450,5458
17043845200,Census Tract 8452,4847
17043845300,Census Tract 8453,3166
17031590600,Census Tract 5906,3477
17031671200,Census Tract 6712,980
17031671100,Census Tract 6711,994
17031671300,Census Tract 6713,2048
17031671500,Census Tract 6715,2716
17031813801,Census Tract 8138.01,2856
17031830600,Census Tract 8306,4935
17031830800,Census Tract 8308,2405
17031830900,Census Tract 8309,3076
17197880325,Census Tract 8803.25,3273
17197880123,Census Tract 8801.23,3709
17201002302,Census Tract 23.02,1249
17031836600,Census Tract 8366,2929
17031833000,Census Tract 8330,5637
17043845508,Census Tract 8455.08,3753
17043846202,Census Tract 8462.02,6426
17031220300,Census Tract 2203,2207
17031220400,Census Tract 2204,2579
17031220500,Census Tract 2205,2751
17031020602,Census Tract 206.02,4662
17031691500,Census Tract 6915,1806
17031804305,Census Tract 8043.05,6952
17031081100,Census Tract 811,4187
17031241200,Census Tract 2412,1714
17031031200,Census Tract 312,5541
17167002600,Census Tract 26,2514
17167000503,Census Tract 5.03,3667
17031804716,Census Tract 8047.16,5360
17031804306,Census Tract 8043.06,5626
17031839700,Census Tract 8397,4545
17031839800,Census Tract 8398,2686
17031834800,Census Tract 8348,1753
17031834700,Census Tract 8347,1759
17111871208,Census Tract 8712.08,3820
17201002000,Census Tract 20,2366
17043846206,Census Tract 8462.06,4244
17031100400,Census Tract 1004,3207
17031240800,Census Tract 2408,1687
17031240600,Census Tract 2406,1489
17031242600,Census Tract 2426,5665
17031100600,Census Tract 1006,4897
17031150200,Census Tract 1502,7434
17031150300,Census Tract 1503,7120
17031838600,Census Tract 8386,1518
17031839600,Census Tract 8396,1729
17193958100,Census Tract 9581,3294
17167000202,Census Tract 2.02,3330
17167004000,Census Tract 40,4212
17167003201,Census Tract 32.01,5125
17167000300,Census Tract 3,2405
17167000400,Census Tract 4,2640
17143002000,Census Tract 20,2889
17143002100,Census Tract 21,4377
17167002801,Census Tract 28.01,2974
17193958000,Census Tract 9580,1999
17029000800,Census Tract 8,2831
17029001000,Census Tract 10,3177
17029000900,Census Tract 9,4109
17073031200,Census Tract 312,2805
17073031000,Census Tract 310,3470
17073030100,Census Tract 301,5757
17073030500,Census Tract 305,2330
17073030201,Census Tract 302.01,4496
17163500500,Census Tract 5005,1464
17029000500,Census Tract 5,6017
17107953400,Census Tract 9534,3783
17029000200,Census Tract 2,5556
17029000600,Census Tract 6,3228
17031805902,Census Tract 8059.02,6503
17167002802,Census Tract 28.02,3174
17095000800,Census Tract 8,2391
17179021000,Census Tract 210,5251
17119402100,Census Tract 4021,3061
17179020400,Census Tract 204,4979
17119401901,Census Tract 4019.01,1830
17161023700,Census Tract 237,2322
17119403300,Census Tract 4033,2800
17031808001,Census Tract 8080.01,3981
17111870904,Census Tract 8709.04,4812
17111871202,Census Tract 8712.02,5827
17111871004,Census Tract 8710.04,6072
17111870811,Census Tract 8708.11,4493
17111870808,Census Tract 8708.08,3682
17111870809,Census Tract 8708.09,6801
17111871003,Census Tract 8710.03,4352
17163504359,Census Tract 5043.59,4137
17119403001,Census Tract 4030.01,5216
17119403122,Census Tract 4031.22,6486
17151971300,Census Tract 9713,1772
17151971200,Census Tract 9712,1991
17021958400,Census Tract 9584,3719
17021958800,Census Tract 9588,2448
17031806102,Census Tract 8061.02,4400
17031430700,Census Tract 4307,2175
17097861604,Census Tract 8616.04,5636
17097865802,Census Tract 8658.02,2945
17097862401,Census Tract 8624.01,3619
17031825504,Census Tract 8255.04,3591
17197880106,Census Tract 8801.06,4494
17097865700,Census Tract 8657,5985
17031030800,Census Tract 308,4284
17031821800,Census Tract 8218,5415
17031821900,Census Tract 8219,5129
17031828701,Census Tract 8287.01,3780
17031283200,Census Tract 2832,1670
17031100500,Census Tract 1005,6116
17031813600,Census Tract 8136,5443
17031801607,Census Tract 8016.07,5225
17031804106,Census Tract 8041.06,7264
17031801606,Census Tract 8016.06,6716
17031823101,Census Tract 8231.01,4515
17031823302,Census Tract 8233.02,5739
17031815900,Census Tract 8159,4773
17197883000,Census Tract 8830,3428
17117956000,Census Tract 9560,3064
17117956400,Census Tract 9564,5329
17197881001,Census Tract 8810.01,5411
17197882100,Census Tract 8821,2377
17097861007,Census Tract 8610.07,4180
17097864522,Census Tract 8645.22,4967
17097864516,Census Tract 8645.16,4695
17097861902,Census Tract 8619.02,6376
17031808100,Census Tract 8081,4010
17031804810,Census Tract 8048.10,7097
17197881302,Census Tract 8813.02,1307
17117957000,Census Tract 9570,3474
17031825503,Census Tract 8255.03,6540
17197880107,Census Tract 8801.07,5101
17197880109,Census Tract 8801.09,5283
17197881006,Census Tract 8810.06,2473
17197881500,Census Tract 8815,3558
17031813500,Census Tract 8135,7169
17031815400,Census Tract 8154,5545
17201003810,Census Tract 38.10,6495
17201003811,Census Tract 38.11,1360
17201004004,Census Tract 40.04,5870
17201000516,Census Tract 5.16,4071
17119400952,Census Tract 4009.52,3127
17119401722,Census Tract 4017.22,2796
17089852700,Census Tract 8527,7086
17069970900,Census Tract 9709,2071
17161022000,Census Tract 220,4077
17119400951,Census Tract 4009.51,5001
17031670500,Census Tract 6705,1148
17031820104,Census Tract 8201.04,4453
17031820700,Census Tract 8207,7110
17031580800,Census Tract 5808,2058
17031770300,Census Tract 7703,7234
17031805109,Census Tract 8051.09,4396
17031804603,Census Tract 8046.03,5651
17031171000,Census Tract 1710,7313
17031171100,Census Tract 1711,4235
17031222200,Census Tract 2222,2156
17031222500,Census Tract 2225,1415
17031222600,Census Tract 2226,1599
17031170400,Census Tract 1704,4141
17031170500,Census Tract 1705,5316
17031170600,Census Tract 1706,2551
17161024000,Census Tract 240,4186
17019001301,Census Tract 13.01,5796
17167000501,Census Tract 5.01,2130
17019001205,Census Tract 12.05,7271
17031816000,Census Tract 8160,3307
17031825505,Census Tract 8255.05,5364
17031818700,Census Tract 8187,3691
17097862000,Census Tract 8620,6070
17097862100,Census Tract 8621,5383
17097862200,Census Tract 8622,3969
17143001500,Census Tract 15,1628
17031811702,Census Tract 8117.02,5384
17031822000,Census Tract 8220,4343
17031822101,Census Tract 8221.01,4606
17031828702,Census Tract 8287.02,4742
17031822102,Census Tract 8221.02,4504
17031822200,Census Tract 8222,3929
17031823303,Census Tract 8233.03,4581
17031823500,Census Tract 8235,4301
17031031100,Census Tract 311,4691
17031822900,Census Tract 8229,2078
17097865501,Census Tract 8655.01,2470
17097860104,Census Tract 8601.04,3452
17097862700,Census Tract 8627,4238
17097860811,Census Tract 8608.11,4429
17097860903,Census Tract 8609.03,6270
17097861607,Census Tract 8616.07,4569
17031190900,Census Tract 1909,1927
17031191200,Census Tract 1912,3810
17031200100,Census Tract 2001,4118
17031200200,Census Tract 2002,5162
17097863400,Census Tract 8634,4276
17031200300,Census Tract 2003,2015
17031222700,Census Tract 2227,2082
17031260300,Census Tract 2603,1528
17031260500,Census Tract 2605,1833
17031260600,Census Tract 2606,2114
17031060900,Census Tract 609,7104
17031251700,Census Tract 2517,1347
17031251800,Census Tract 2518,5101
17031251900,Census Tract 2519,5387
17031252000,Census Tract 2520,5646
17031251600,Census Tract 2516,3522
17161020700,Census Tract 207,1615
17161020200,Census Tract 202,3624
17031180100,Census Tract 1801,6656
17031251500,Census Tract 2515,4342
17031808301,Census Tract 8083.01,6520
17031808302,Census Tract 8083.02,4367
17027900403,Census Tract 9004.03,3921
17031808600,Census Tract 8086,2465
17031808702,Census Tract 8087.02,5481
17031170700,Census Tract 1707,3068
17031170800,Census Tract 1708,3799
17031251400,Census Tract 2514,3986
17089850709,Census Tract 8507.09,3862
17197880429,Census Tract 8804.29,4953
17197880425,Census Tract 8804.25,4649
17121952400,Census Tract 9524,3717
17121952000,Census Tract 9520,4413
17089854509,Census Tract 8545.09,6781
17031260700,Census Tract 2607,1691
17031260800,Census Tract 2608,2271
17031050700,Census Tract 507,1513
17031050900,Census Tract 509,1426
17031821200,Census Tract 8212,5641
17161021400,Census Tract 214,1175
17091012000,Census Tract 120,4927
17193958400,Census Tract 9584,3087
17193958300,Census Tract 9583,2846
17193958200,Census Tract 9582,2651
17031210700,Census Tract 2107,3907
17019010902,Census Tract 109.02,4215
17019010702,Census Tract 107.02,3767
17019010901,Census Tract 109.01,6029
17031828201,Census Tract 8282.01,4491
17197880431,Census Tract 8804.31,6262
17031803800,Census Tract 8038,4522
17089851913,Census Tract 8519.13,5668
17089854508,Census Tract 8545.08,5861
17121952500,Census Tract 9525,2538
17089850106,Census Tract 8501.06,7801
17113001404,Census Tract 14.04,4349
17089852606,Census Tract 8526.06,4584
17183011000,Census Tract 110,3767
17043846209,Census Tract 8462.09,4167
17183010702,Census Tract 107.02,2963
17021958300,Census Tract 9583,3975
17163504354,Census Tract 5043.54,6321
17163503905,Census Tract 5039.05,2996
17043846315,Census Tract 8463.15,4226
17043846313,Census Tract 8463.13,5021
17031030604,Census Tract 306.04,3737
17031031502,Census Tract 315.02,4712
17161020103,Census Tract 201.03,934
17161020102,Census Tract 201.02,3609
17161020101,Census Tract 201.01,2545
17163503903,Census Tract 5039.03,3853
17087977800,Census Tract 9778,3462
17089854403,Census Tract 8544.03,6710
17163504351,Census Tract 5043.51,3529
17143005000,Census Tract 50,1994
17031280800,Census Tract 2808,1198
17031420300,Census Tract 4203,2818
17031806600,Census Tract 8066,3602
17031806502,Census Tract 8065.02,4202
17031804805,Census Tract 8048.05,6860
17009970500,Census Tract 9705,3895
17167000600,Census Tract 6,4791
17097860809,Census Tract 8608.09,2930
17031020100,Census Tract 201,4202
17161023100,Census Tract 231,2745
17197880125,Census Tract 8801.25,5463
17197883214,Census Tract 8832.14,2375
17197883213,Census Tract 8832.13,5872
17197881301,Census Tract 8813.01,3040
17113001500,Census Tract 15,2268
17113001600,Census Tract 16,2425
17113001700,Census Tract 17,2179
17197880317,Census Tract 8803.17,6383
17031804715,Census Tract 8047.15,3426
17031835600,Census Tract 8356,898
17031840000,Census Tract 8400,3001
17031834600,Census Tract 8346,2357
17031843600,Census Tract 8436,3089
17031834000,Census Tract 8340,3609
17113001200,Census Tract 12,2395
17113001303,Census Tract 13.03,1526
17113001402,Census Tract 14.02,3786
17031252102,Census Tract 2521.02,6187
17043844201,Census Tract 8442.01,5822
17031834500,Census Tract 8345,1765
17031836000,Census Tract 8360,2338
17031836200,Census Tract 8362,2178
17031813302,Census Tract 8133.02,3858
17031813702,Census Tract 8137.02,4199
17031813301,Census Tract 8133.01,3634
17031803701,Census Tract 8037.01,2707
17031804108,Census Tract 8041.08,4798
17043842800,Census Tract 8428,4781
17043843000,Census Tract 8430,4087
17031836400,Census Tract 8364,3621
17031836100,Census Tract 8361,1893
17099963100,Census Tract 9631,3226
17089852405,Census Tract 8524.05,3112
17113000301,Census Tract 3.01,4221
17113000302,Census Tract 3.02,5585
17199020400,Census Tract 204,3496
17031030900,Census Tract 309,2952
17031031000,Census Tract 310,3868
17031030300,Census Tract 303,3148
17031030400,Census Tract 304,2597
17031823603,Census Tract 8236.03,2021
17031980000,Census Tract 9800,0
17031815702,Census Tract 8157.02,5302
17097865801,Census Tract 8658.01,3257
17097861505,Census Tract 8615.05,3543
17097861702,Census Tract 8617.02,4289
17197880314,Census Tract 8803.14,7478
17161021200,Census Tract 212,4634
17143003404,Census Tract 34.04,8402
17031811302,Census Tract 8113.02,3565
17031803013,Census Tract 8030.13,5490
17113000501,Census Tract 5.01,2523
17113000502,Census Tract 5.02,2413
17031802608,Census Tract 8026.08,6730
17197883513,Census Tract 8835.13,5641
17031802802,Census Tract 8028.02,6991
17177001200,Census Tract 12,3622
17177000400,Census Tract 4,2733
17177000500,Census Tract 5,2929
17031829700,Census Tract 8297,3344
17031830003,Census Tract 8300.03,7640
17031824003,Census Tract 8240.03,6242
17031824005,Census Tract 8240.05,5933
17031824122,Census Tract 8241.22,6209
17031770202,Census Tract 7702.02,5060
17031804714,Census Tract 8047.14,3534
17031804403,Census Tract 8044.03,7297
17111870402,Census Tract 8704.02,5884
17197881201,Census Tract 8812.01,2460
17031806104,Census Tract 8061.04,4134
17031802505,Census Tract 8025.05,6723
17031802404,Census Tract 8024.04,7558
17031803017,Census Tract 8030.17,6283
17031806201,Census Tract 8062.01,4908
17031820606,Census Tract 8206.06,3866
17031824116,Census Tract 8241.16,5244
17031824114,Census Tract 8241.14,5299
17031823806,Census Tract 8238.06,3847
17031770602,Census Tract 7706.02,4762
17043841103,Census Tract 8411.03,3775
17053961800,Census Tract 9618,4628
17043841104,Census Tract 8411.04,4411
17053961600,Census Tract 9616,1745
17053961700,Census Tract 9617,1840
17053961900,Census Tract 9619,1750
17197881603,Census Tract 8816.03,3301
17043842602,Census Tract 8426.02,4335
17089853900,Census Tract 8539,5744
17113000108,Census Tract 1.08,6024
17097861014,Census Tract 8610.14,3663
17161022100,Census Tract 221,2553
17089852101,Census Tract 8521.01,7015
17197883208,Census Tract 8832.08,3165
17197881012,Census Tract 8810.12,2953
17197880307,Census Tract 8803.07,6448
17017960400,Census Tract 9604,2545
17017960200,Census Tract 9602,2501
17029000701,Census Tract 7.01,2806
17031837300,Census Tract 8373,2489
17043841111,Census Tract 8411.11,3651
17043841704,Census Tract 8417.04,4609
17201003808,Census Tract 38.08,3578
17201003809,Census Tract 38.09,4649
17031841500,Census Tract 8415,2904
17031838700,Census Tract 8387,4132
17197880428,Census Tract 8804.28,4879
17163503324,Census Tract 5033.24,6109
17163504600,Census Tract 5046,1765
17157951201,Census Tract 9512.01,1783
17043841315,Census Tract 8413.15,3371
17043841113,Census Tract 8411.13,3886
17097864105,Census Tract 8641.05,6006
17017960100,Census Tract 9601,2251
17017960300,Census Tract 9603,3054
17089854002,Census Tract 8540.02,5676
17019000901,Census Tract 9.01,4731
17019000902,Census Tract 9.02,6833
17097860812,Census Tract 8608.12,3816
17031840200,Census Tract 8402,2497
17111870605,Census Tract 8706.05,6322
17111871205,Census Tract 8712.05,4596
17119403534,Census Tract 4035.34,3965
17119403604,Census Tract 4036.04,6247
17089852805,Census Tract 8528.05,5552
17197881108,Census Tract 8811.08,6746
17197881402,Census Tract 8814.02,3295
17097863601,Census Tract 8636.01,3508
17097863702,Census Tract 8637.02,4045
17043844310,Census Tract 8443.10,2417
17031828300,Census Tract 8283,3363
17031824900,Census Tract 8249,3244
17031827801,Census Tract 8278.01,4645
17043841707,Census Tract 8417.07,3305
17119402000,Census Tract 4020,4086
17119402701,Census Tract 4027.01,7191
17031801500,Census Tract 8015,6572
17031806002,Census Tract 8060.02,7833
17119402801,Census Tract 4028.01,3587
17119402803,Census Tract 4028.03,3371
17143002300,Census Tract 23,4618
17031821102,Census Tract 8211.02,4231
17031811701,Census Tract 8117.01,3455
17031823803,Census Tract 8238.03,7146
17031990000,Census Tract 9900,0
17031804505,Census Tract 8045.05,3970
17031804606,Census Tract 8046.06,7088
17031804712,Census Tract 8047.12,5456
17019000302,Census Tract 3.02,3830
17019000301,Census Tract 3.01,6593
17019000402,Census Tract 4.02,4001
17019000401,Census Tract 4.01,5125
17031821300,Census Tract 8213,5477
17161020900,Census Tract 209,5715
17161024103,Census Tract 241.03,3777
17161024102,Census Tract 241.02,5383
17161020400,Census Tract 204,5967
17031242300,Census Tract 2423,3568
17031242200,Census Tract 2422,4082
17031807800,Census Tract 8078,2878
17031808400,Census Tract 8084,4622
17031811100,Census Tract 8111,6703
17031811402,Census Tract 8114.02,4572
17031813400,Census Tract 8134,7571
17161024101,Census Tract 241.01,3590
17099964300,Census Tract 9643,3066
17031530100,Census Tract 5301,2197
17031680600,Census Tract 6806,1165
17031803010,Census Tract 8030.10,5351
17031833900,Census Tract 8339,2333
17031611200,Census Tract 6112,2680
17115002002,Census Tract 20.02,2745
17031390400,Census Tract 3904,2871
17031820202,Census Tract 8202.02,3128
17031611700,Census Tract 6117,2180
17031190200,Census Tract 1902,5652
17197882702,Census Tract 8827.02,3095
17197882602,Census Tract 8826.02,2809
17031390500,Census Tract 3905,1666
17031390600,Census Tract 3906,1994
17031390700,Census Tract 3907,6532
17031818300,Census Tract 8183,5922
17031291600,Census Tract 2916,874
17031400400,Census Tract 4004,1995
17031827300,Census Tract 8273,2277
17031804901,Census Tract 8049.01,6927
17031816500,Census Tract 8165,4262
17143005100,Census Tract 51,2651
17031804902,Census Tract 8049.02,5626
17031827600,Census Tract 8276,3012
17031051000,Census Tract 510,1538
17031801901,Census Tract 8019.01,5016
17161021500,Census Tract 215,4358
17031770601,Census Tract 7706.01,3272
17031806103,Census Tract 8061.03,5269
17029001200,Census Tract 12,3328
17031812600,Census Tract 8126,3898
17031230600,Census Tract 2306,6817
17201001800,Census Tract 18,4762
17183000300,Census Tract 3,1955
17183000600,Census Tract 6,2216
17201001900,Census Tract 19,3463
17031829904,Census Tract 8299.04,4168
17031804204,Census Tract 8042.04,5263
17031804316,Census Tract 8043.16,5027
17031804203,Census Tract 8042.03,3458
17031803616,Census Tract 8036.16,4635
17031809402,Census Tract 8094.02,3374
17031828508,Census Tract 8285.08,4630
17031828507,Census Tract 8285.07,3999
17031824508,Census Tract 8245.08,3699
17031804406,Census Tract 8044.06,6292
17197883521,Census Tract 8835.21,3304
17109010100,Census Tract 101,3454
17109010300,Census Tract 103,1973
17109011000,Census Tract 110,2182
17143003103,Census Tract 31.03,2783
17115002401,Census Tract 24.01,2464
17045070300,Census Tract 703,3906
17197881113,Census Tract 8811.13,5493
17109011100,Census Tract 111,2700
17197881115,Census Tract 8811.15,4311
17037001003,Census Tract 10.03,4134
17119404000,Census Tract 4040,2289
17201000513,Census Tract 5.13,4022
17201000600,Census Tract 6,4259
17043841109,Census Tract 8411.09,4057
17043846702,Census Tract 8467.02,3872
17031540102,Census Tract 5401.02,2938
17031700402,Census Tract 7004.02,4082
17019010100,Census Tract 101,4529
17197881005,Census Tract 8810.05,3589
17099961702,Census Tract 9617.02,3120
17043840907,Census Tract 8409.07,4658
17043840908,Census Tract 8409.08,4420
17043840911,Census Tract 8409.11,3125
17043843302,Census Tract 8433.02,2959
17043840904,Census Tract 8409.04,3610
17043844801,Census Tract 8448.01,4376
17163503323,Census Tract 5033.23,6399
17163503334,Census Tract 5033.34,6153
17043840303,Census Tract 8403.03,3597
17043846701,Census Tract 8467.01,4159
17031820603,Census Tract 8206.03,5530
17031841100,Census Tract 8411,7356
17043845506,Census Tract 8455.06,3995
17043845810,Census Tract 8458.10,4067
17031804404,Census Tract 8044.04,5147
17043845809,Census Tract 8458.09,4374
17061973900,Census Tract 9739,2315
17163501604,Census Tract 5016.04,4323
17201000507,Census Tract 5.07,3996
17201000510,Census Tract 5.10,3155
17043845808,Census Tract 8458.08,3868
17043845505,Census Tract 8455.05,4066
17043845507,Census Tract 8455.07,3423
17201000800,Census Tract 8,2860
17043845509,Census Tract 8455.09,3334
17197883504,Census Tract 8835.04,5594
17133600104,Census Tract 6001.04,4315
17133600102,Census Tract 6001.02,4892
17031190602,Census Tract 1906.02,5378
17031190401,Census Tract 1904.01,4325
17031190702,Census Tract 1907.02,4952
17031191302,Census Tract 1913.02,4940
17043844901,Census Tract 8449.01,3716
17043842710,Census Tract 8427.10,3805
17043844501,Census Tract 8445.01,3277
17031835500,Census Tract 8355,1584
17031803008,Census Tract 8030.08,4767
17031801902,Census Tract 8019.02,3420
17031802100,Census Tract 8021,3734
17031350100,Census Tract 3501,2228
17031350400,Census Tract 3504,1512
17001001100,Census Tract 11,8015
17031720100,Census Tract 7201,3344
17031040600,Census Tract 406,2530
17031040700,Census Tract 407,3426
17031817102,Census Tract 8171.02,3158
17031825801,Census Tract 8258.01,3569
17031805110,Census Tract 8051.10,4440
17031827805,Census Tract 8278.05,2953
17031828000,Census Tract 8280,5411
17031040800,Census Tract 408,1636
17031817000,Census Tract 8170,5510
17031817101,Census Tract 8171.01,4563
17031431400,Census Tract 4314,6716
17031803902,Census Tract 8039.02,3429
17143002702,Census Tract 27.02,3901
17101881000,Census Tract 8810,1823
17101881100,Census Tract 8811,3154
17031300600,Census Tract 3006,3253
17031817200,Census Tract 8172,4821
17031817400,Census Tract 8174,3652
17031817600,Census Tract 8176,3825
17031813200,Census Tract 8132,4582
17031060100,Census Tract 601,2830
17031060300,Census Tract 603,3076
17031829600,Census Tract 8296,3035
17161022600,Census Tract 226,2014
17031821401,Census Tract 8214.01,2870
17031805702,Census Tract 8057.02,2089
17031804808,Census Tract 8048.08,2596
17089852408,Census Tract 8524.08,4754
17031250500,Census Tract 2505,7315
17031250800,Census Tract 2508,2432
17031804711,Census Tract 8047.11,7629
17031804806,Census Tract 8048.06,3796
17079977500,Census Tract 9775,3786
17031051400,Census Tract 514,2492
17079977300,Census Tract 9773,2830
17031805001,Census Tract 8050.01,4985
17031805002,Census Tract 8050.02,7422
17031292200,Census Tract 2922,2942
17031292400,Census Tract 2924,2041
17137951800,Census Tract 9518,3453
17031802200,Census Tract 8022,4848
17113005103,Census Tract 51.03,4985
17113001107,Census Tract 11.07,3824
17031282700,Census Tract 2827,2558
17031400500,Census Tract 4005,2372
17031400800,Census Tract 4008,3178
17031410100,Census Tract 4101,2272
17031410500,Census Tract 4105,2922
17031410600,Census Tract 4106,2371
17031282800,Census Tract 2828,1634
17031400300,Census Tract 4003,1504
17115002402,Census Tract 24.02,5327
17031270500,Census Tract 2705,1619
17031271200,Census Tract 2712,1172
17031271300,Census Tract 2713,1060
17031300700,Census Tract 3007,4798
17031301100,Census Tract 3011,2323
17031301200,Census Tract 3012,4087
17115001802,Census Tract 18.02,2148
17045070100,Census Tract 701,2459
17197880416,Census Tract 8804.16,3158
17183010200,Census Tract 102,5007
17183011200,Census Tract 112,5271
17117957100,Census Tract 9571,2584
17051950900,Census Tract 9509,2031
17051950600,Census Tract 9506,2328
17051951000,Census Tract 9510,2045
17051950800,Census Tract 9508,5600
17051950500,Census Tract 9505,2670
17051950700,Census Tract 9507,3913
17051951100,Census Tract 9511,2901
17197882000,Census Tract 8820,3152
17093890501,Census Tract 8905.01,9398
17015960200,Census Tract 9602,1976
17015960400,Census Tract 9604,1944
17015960300,Census Tract 9603,3000
17093890404,Census Tract 8904.04,9887
17093890401,Census Tract 8904.01,6290
17015960100,Census Tract 9601,3773
17015960500,Census Tract 9605,2461
17015960600,Census Tract 9606,2548
17201001700,Census Tract 17,3117
17093890107,Census Tract 8901.07,4869
17031301803,Census Tract 3018.03,5107
17199020202,Census Tract 202.02,3150
17031843200,Census Tract 8432,2422
17031843400,Census Tract 8434,1524
17031842600,Census Tract 8426,4245
17093890703,Census Tract 8907.03,9048
17201001500,Census Tract 15,5454
17201001600,Census Tract 16,5556
17115001000,Census Tract 10,1158
17001010301,Census Tract 103.01,2800
17023060200,Census Tract 602,4312
17023060300,Census Tract 603,4850
17023060400,Census Tract 604,1597
17023060100,Census Tract 601,4696
17135957700,Census Tract 9577,2935
17135958000,Census Tract 9580,5579
17135957400,Census Tract 9574,2236
17135957600,Census Tract 9576,3455
17135957800,Census Tract 9578,3217
17135957500,Census Tract 9575,2990
17135957300,Census Tract 9573,3286
17081050700,Census Tract 507,3669
17081051100,Census Tract 511,2579
17081050600,Census Tract 506,3084
17081050100,Census Tract 501,4142
17081050800,Census Tract 508,4155
17081050300,Census Tract 503,4243
17081050200,Census Tract 502,3077
17081050500,Census Tract 505,3724
17081050400,Census Tract 504,4733
17113000200,Census Tract 2,5446
17135957900,Census Tract 9579,4590
17115002200,Census Tract 22,5293
17115002300,Census Tract 23,2898
17115002800,Census Tract 28,4090
17115000900,Census Tract 9,1682
17011965200,Census Tract 9652,3474
17011965000,Census Tract 9650,3668
17119400200,Census Tract 4002,3815
17073030600,Census Tract 306,2781
17093890702,Census Tract 8907.02,5527
17115002904,Census Tract 29.04,5120
17115002700,Census Tract 27,2233
17019005902,Census Tract 59.02,2402
17197883519,Census Tract 8835.19,5601
17115001100,Census Tract 11,3194
17115002902,Census Tract 29.02,4597
17197880323,Census Tract 8803.23,6782
17197880322,Census Tract 8803.22,6727
17001010302,Census Tract 103.02,3062
17197883217,Census Tract 8832.17,4103
17195001102,Census Tract 11.02,2108
17073030202,Census Tract 302.02,3823
17073030800,Census Tract 308,3552
17073030203,Census Tract 302.03,4430
17197880430,Census Tract 8804.30,3723
17113005502,Census Tract 55.02,2420
17113005700,Census Tract 57,4981
17097864901,Census Tract 8649.01,4371
17165955600,Census Tract 9556,2489
17113005601,Census Tract 56.01,1782
17113000400,Census Tract 4,2789
17113001301,Census Tract 13.01,1809
17113005501,Census Tract 55.01,2353
17097864903,Census Tract 8649.03,4907
17097864904,Census Tract 8649.04,2450
17031060400,Census Tract 604,3709
17031530502,Census Tract 5305.02,1570
17165955900,Census Tract 9559,2344
17097864802,Census Tract 8648.02,3093
17031240700,Census Tract 2407,1499
17031843800,Census Tract 8438,2000
17197883804,Census Tract 8838.04,2859
17031831800,Census Tract 8318,5868
17031831700,Census Tract 8317,2237
17165956000,Census Tract 9560,2730
17031240900,Census Tract 2409,1122
17043845701,Census Tract 8457.01,3935
17089853008,Census Tract 8530.08,4122
17089852906,Census Tract 8529.06,5176
17019010701,Census Tract 107.01,3875
17043841003,Census Tract 8410.03,3631
17043845703,Census Tract 8457.03,4582
17031020901,Census Tract 209.01,5848
17031010202,Census Tract 102.02,2742
17097864510,Census Tract 8645.10,4961
17097865200,Census Tract 8652,5361
17097865300,Census Tract 8653,3505
17089853100,Census Tract 8531,2793
17031832300,Census Tract 8323,2054
17031838300,Census Tract 8383,2580
17031010701,Census Tract 107.01,3673
17031020902,Census Tract 209.02,4488
17031020302,Census Tract 203.02,5010
17105960700,Census Tract 9607,4755
17011964800,Census Tract 9648,3231
17195001500,Census Tract 15,3218
17031020601,Census Tract 206.01,6699
17031530503,Census Tract 5305.03,4898
17031650301,Census Tract 6503.01,5829
17031650302,Census Tract 6503.02,4522
17031803611,Census Tract 8036.11,5698
17043846102,Census Tract 8461.02,4606
17031580300,Census Tract 5803,2577
17031831400,Census Tract 8314,2820
17031837000,Census Tract 8370,2042
17011965100,Census Tract 9651,4224
17011964900,Census Tract 9649,2635
17011965400,Census Tract 9654,3555
17063000102,Census Tract 1.02,8255
17031832200,Census Tract 8322,3289
17011965300,Census Tract 9653,3370
17011964700,Census Tract 9647,2866
17011965600,Census Tract 9656,2715
17011965500,Census Tract 9655,3506
17031831300,Census Tract 8313,1251
17097864801,Census Tract 8648.01,5561
17097865000,Census Tract 8650,1276
17031060500,Census Tract 605,1374
17003957700,Census Tract 9577,1491
17003957800,Census Tract 9578,1030
17003957600,Census Tract 9576,1820
17115002602,Census Tract 26.02,1990
17031842400,Census Tract 8424,3041
17031832100,Census Tract 8321,3410
17031803100,Census Tract 8031,3616
17115000200,Census Tract 2,2327
17115003000,Census Tract 30,3230
17007010400,Census Tract 104,6912
17031671800,Census Tract 6718,1142
17031671900,Census Tract 6719,1122
17201000515,Census Tract 5.15,2727
17201003000,Census Tract 30,1689
17115002500,Census Tract 25,7213
17115002901,Census Tract 29.01,4242
17163501802,Census Tract 5018.02,2481
17097865400,Census Tract 8654,4197
17097865502,Census Tract 8655.02,2313
17097865600,Census Tract 8656,3497
17063000103,Census Tract 1.03,7593
17115002601,Census Tract 26.01,3938
17115001500,Census Tract 15,3961
17167001003,Census Tract 10.03,1377
17043842711,Census Tract 8427.11,2810
17043846510,Census Tract 8465.10,3271
17201003100,Census Tract 31,3788
17201003200,Census Tract 32,3092
17031020802,Census Tract 208.02,7546
17031020702,Census Tract 207.02,7717
17031020801,Census Tract 208.01,5648
17031040202,Census Tract 402.02,7318
17043846207,Census Tract 8462.07,5345
17031580400,Census Tract 5804,4546
17043841705,Census Tract 8417.05,5858
17031580600,Census Tract 5806,5405
17031580700,Census Tract 5807,5621
17031271400,Census Tract 2714,1535
17031351000,Census Tract 3510,3640
17031351400,Census Tract 3514,1392
17031160400,Census Tract 1604,4854
17031360200,Census Tract 3602,1651
17031480500,Census Tract 4805,2986
17031805111,Census Tract 8051.11,7786
17031828100,Census Tract 8281,5083
17031828202,Census Tract 8282.02,4590
17025972100,Census Tract 9721,5155
17025971900,Census Tract 9719,2376
17025972000,Census Tract 9720,2829
17089850711,Census Tract 8507.11,4808
17163503416,Census Tract 5034.16,3767
17031805202,Census Tract 8052.02,4078
17097861011,Census Tract 8610.11,7864
17097861105,Census Tract 8611.05,4330
17031825802,Census Tract 8258.02,5862
17031804000,Census Tract 8040,4763
17031804104,Census Tract 8041.04,4949
17167004200,Census Tract 42,1993
17031420800,Census Tract 4208,2457
17031650500,Census Tract 6505,4401
17031660400,Census Tract 6604,5692
17163503907,Census Tract 5039.07,5444
17031805802,Census Tract 8058.02,5096
17089854507,Census Tract 8545.07,5722
17097861013,Census Tract 8610.13,3052
17067954300,Census Tract 9543,3448
17067954000,Census Tract 9540,2259
17067954100,Census Tract 9541,3164
17067954200,Census Tract 9542,2270
17067953700,Census Tract 9537,2079
17093890104,Census Tract 8901.04,6050
17031160100,Census Tract 1601,2444
17031160200,Census Tract 1602,3278
17031160300,Census Tract 1603,3769
17067953900,Census Tract 9539,1802
17031804809,Census Tract 8048.09,4259
17031819300,Census Tract 8193,2777
17031819400,Census Tract 8194,5686
17093890103,Census Tract 8901.03,5506
17031060800,Census Tract 608,5295
17031801300,Census Tract 8013,4430
17097864515,Census Tract 8645.15,3020
17097860500,Census Tract 8605,4724
17031292500,Census Tract 2925,4057
17031806700,Census Tract 8067,4486
17031460100,Census Tract 4601,2840
17031243200,Census Tract 2432,2287
17031243300,Census Tract 2433,2431
17163504501,Census Tract 5045.01,2329
17031242000,Census Tract 2420,4692
17031271800,Census Tract 2718,976
17031280100,Census Tract 2801,7421
17163501801,Census Tract 5018.01,3045
17137951900,Census Tract 9519,4620
17197880319,Census Tract 8803.19,5010
17197880321,Census Tract 8803.21,3941
17097861008,Census Tract 8610.08,5271
17201004300,Census Tract 43,5007
17197880903,Census Tract 8809.03,3068
17197880309,Census Tract 8803.09,4959
17197880203,Census Tract 8802.03,3813
17163503906,Census Tract 5039.06,5295
17097861009,Census Tract 8610.09,5131
17031808900,Census Tract 8089,4149
17197880114,Census Tract 8801.14,2896
17031809000,Census Tract 8090,4001
17197883904,Census Tract 8839.04,4365
17197883903,Census Tract 8839.03,1793
17045070400,Census Tract 704,5270
17111871307,Census Tract 8713.07,4646
17111871304,Census Tract 8713.04,3417
17111870606,Census Tract 8706.06,3945
17089854401,Census Tract 8544.01,2727
17089851907,Census Tract 8519.07,7921
17089851909,Census Tract 8519.09,4367
17111871402,Census Tract 8714.02,6099
17097861108,Census Tract 8611.08,5948
17031150501,Census Tract 1505.01,3823
17031140302,Census Tract 1403.02,4060
17089851600,Census Tract 8516,6623
17197881010,Census Tract 8810.10,4056
17031140301,Census Tract 1403.01,2693
17031700302,Census Tract 7003.02,5662
17201003500,Census Tract 35,2323
17201003602,Census Tract 36.02,3963
17197883605,Census Tract 8836.05,2891
17197880412,Census Tract 8804.12,4189
17201000105,Census Tract 1.05,4161
17201000200,Census Tract 2,3152
17201000401,Census Tract 4.01,2191
17181950200,Census Tract 9502,2374
17181950500,Census Tract 9505,3577
17181950400,Census Tract 9504,5224
17163503332,Census Tract 5033.32,5109
17197881007,Census Tract 8810.07,5843
17197883511,Census Tract 8835.11,4854
17181950300,Census Tract 9503,1911
17181950100,Census Tract 9501,4158
17043841902,Census Tract 8419.02,4088
17197883810,Census Tract 8838.10,3795
17197883305,Census Tract 8833.05,3045
17163503414,Census Tract 5034.14,5969
17163503411,Census Tract 5034.11,3419
17201003604,Census Tract 36.04,3080
17183010600,Census Tract 106,4139
17183010100,Census Tract 101,3068
17183010900,Census Tract 109,2836
17183001200,Census Tract 12,3036
17045070200,Census Tract 702,1729
17031824509,Census Tract 8245.09,4154
17031824129,Census Tract 8241.29,4357
17031804313,Census Tract 8043.13,6354
17031820203,Census Tract 8202.03,4038
17031820204,Census Tract 8202.04,4434
17031844600,Census Tract 8446,1776
17031804314,Census Tract 8043.14,1682
17031804512,Census Tract 8045.12,3995
17163504502,Census Tract 5045.02,1301
17163503415,Census Tract 5034.15,3079
17163503102,Census Tract 5031.02,4653
17109010900,Census Tract 109,2324
17109010200,Census Tract 102,1806
17201001000,Census Tract 10,2065
17031803200,Census Tract 8032,5586
17031803300,Census Tract 8033,5726
17183010800,Census Tract 108,3209
17183000700,Census Tract 7,3572
17183010300,Census Tract 103,4459
17183000500,Census Tract 5,3693
17183001300,Census Tract 13,3593
17183000100,Census Tract 1,1534
17129010200,Census Tract 102,3988
17129010100,Census Tract 101,6004
17117956500,Census Tract 9565,2506
17183000900,Census Tract 9,2149
17093890301,Census Tract 8903.01,6159
17183011100,Census Tract 111,2428
17093890302,Census Tract 8903.02,6091
17183010400,Census Tract 104,2282
17183010500,Census Tract 105,3432
17045070500,Census Tract 705,3502
17115001300,Census Tract 13,2275
17031081700,Census Tract 817,5537
17031081500,Census Tract 815,5917
17031081600,Census Tract 816,4168
17031809100,Census Tract 8091,3437
17031081800,Census Tract 818,11373
17031081900,Census Tract 819,1325
17031809200,Census Tract 8092,4980
17031809300,Census Tract 8093,5043
17097863801,Census Tract 8638.01,5108
17115001600,Census Tract 16,2136
17115001700,Census Tract 17,2129
17031170200,Census Tract 1702,3812
17115001400,Census Tract 14,2374
17043846307,Census Tract 8463.07,4752
17097863701,Census Tract 8637.01,4556
17031190300,Census Tract 1903,5738
17031190800,Census Tract 1908,6831
17111870807,Census Tract 8708.07,5178
17031826401,Census Tract 8264.01,3725
17031260400,Census Tract 2604,1398
17031300900,Census Tract 3009,4553
17111870704,Census Tract 8707.04,3605
17031222900,Census Tract 2229,1089
17031241000,Census Tract 2410,2363
17031825400,Census Tract 8254,5337
17031830005,Census Tract 8300.05,3768
17031824505,Census Tract 8245.05,6783
17031824800,Census Tract 8248,7178
17081051000,Census Tract 510,1356
17143002900,Census Tract 29,3810
17031803608,Census Tract 8036.08,7544
17081050900,Census Tract 509,2351
17031410200,Census Tract 4102,1165
17077011100,Census Tract 111,2604
17031830400,Census Tract 8304,4091
17031812700,Census Tract 8127,3192
17077011400,Census Tract 114,3057
17097861012,Census Tract 8610.12,4861
17025972200,Census Tract 9722,2928
17097864511,Census Tract 8645.11,6403
17043843301,Census Tract 8433.01,4020
17043841207,Census Tract 8412.07,2945
17043841210,Census Tract 8412.10,4385
17097864512,Census Tract 8645.12,4659
17043841316,Census Tract 8413.16,3555
17031071100,Census Tract 711,3091
17097862402,Census Tract 8624.02,3026
17109010600,Census Tract 106,2143
17109010700,Census Tract 107,4017
17037001002,Census Tract 10.02,5860
17019001000,Census Tract 10,4366
17019001201,Census Tract 12.01,6611
17031824507,Census Tract 8245.07,4136
17031040300,Census Tract 403,2928
17031310600,Census Tract 3106,5498
17031310700,Census Tract 3107,1700
17031310800,Census Tract 3108,4175
17197883206,Census Tract 8832.06,4211
17163504358,Census Tract 5043.58,3883
17163503908,Census Tract 5039.08,6429
17031802506,Census Tract 8025.06,2285
17201003300,Census Tract 33,3542
17097864523,Census Tract 8645.23,4024
17197881700,Census Tract 8817,3170
17201003400,Census Tract 34,4579
17031040201,Census Tract 402.01,6408
17031040402,Census Tract 404.02,4746
17031031501,Census Tract 315.01,4155
17031081201,Census Tract 812.01,5080
17031063301,Census Tract 633.01,2833
17031490901,Census Tract 4909.01,3403
17031814600,Census Tract 8146,5616
17197882400,Census Tract 8824,3811
17197880417,Census Tract 8804.17,2553
17019001203,Census Tract 12.03,4414
17031816200,Census Tract 8162,4163
17031320101,Census Tract 3201.01,9532
17091012400,Census Tract 124,4548
17031825700,Census Tract 8257,4046
17097862604,Census Tract 8626.04,4694
17097862605,Census Tract 8626.05,4097
17019001204,Census Tract 12.04,3453
17097861609,Census Tract 8616.09,4716
17031814500,Census Tract 8145,5395
17031330103,Census Tract 3301.03,8248
17031330102,Census Tract 3301.02,10811
17167002100,Census Tract 21,3582
17167002200,Census Tract 22,3212
17167002300,Census Tract 23,2184
17077010900,Census Tract 109,2364
17077010300,Census Tract 103,2759
17019001100,Census Tract 11,3519
17019010400,Census Tract 104,4498
17019005300,Census Tract 53,3800
17019010500,Census Tract 105,4593
17019010601,Census Tract 106.01,5749
17019010800,Census Tract 108,4313
17161021300,Census Tract 213,4772
17161024500,Census Tract 245,1969
17179020600,Census Tract 206,1984
17093890602,Census Tract 8906.02,5700
17093890601,Census Tract 8906.01,4513
17119402200,Census Tract 4022,3228
17163501607,Census Tract 5016.07,2332
17119402300,Census Tract 4023,1664
17119402500,Census Tract 4025,1822
17089850706,Census Tract 8507.06,1922
17197880509,Census Tract 8805.09,3908
17201000104,Census Tract 1.04,2665
17201004200,Census Tract 42,6095
17197880424,Census Tract 8804.24,5131
17115001200,Census Tract 12,2694
17197880318,Census Tract 8803.18,3718
17099962700,Census Tract 9627,2169
17163503413,Census Tract 5034.13,5683
17163501605,Census Tract 5016.05,2535
17197883803,Census Tract 8838.03,2500
17031051300,Census Tract 513,2907
17043841208,Census Tract 8412.08,5048
17043841403,Census Tract 8414.03,3899
17043844304,Census Tract 8443.04,4077
17043840704,Census Tract 8407.04,3217
17167002002,Census Tract 20.02,2450
17167003701,Census Tract 37.01,4575
17097861701,Census Tract 8617.01,1804
17097861804,Census Tract 8618.04,4090
17097861901,Census Tract 8619.01,3747
17089853200,Census Tract 8532,6044
17031081402,Census Tract 814.02,7052
17031080201,Census Tract 802.01,3375
17031810100,Census Tract 8101,4480
17031810200,Census Tract 8102,6222
17031810301,Census Tract 8103.01,4105
17031760802,Census Tract 7608.02,2374
17031140601,Census Tract 1406.01,2545
17043841004,Census Tract 8410.04,3480
17031819500,Census Tract 8195,3664
17031830201,Census Tract 8302.01,5105
17031830300,Census Tract 8303,5369
17197883307,Census Tract 8833.07,3898
17031130100,Census Tract 1301,5205
17097860907,Census Tract 8609.07,3845
17197880408,Census Tract 8804.08,5050
17043841112,Census Tract 8411.12,3112
17043841323,Census Tract 8413.23,3102
17031819801,Census Tract 8198.01,5364
17031805105,Census Tract 8051.05,7278
17005951400,Census Tract 9514,2918
17005951200,Census Tract 9512,2924
17005951300,Census Tract 9513,6883
17005951500,Census Tract 9515,4000
17143004300,Census Tract 43,2275
17031800800,Census Tract 8008,2426
17201004005,Census Tract 40.05,3155
17031570100,Census Tract 5701,1316
17031570200,Census Tract 5702,2096
17201002700,Census Tract 27,2993
17201002800,Census Tract 28,1388
17105960600,Census Tract 9606,4098
17031681400,Census Tract 6814,2474
17031690300,Census Tract 6903,2302
17201002600,Census Tract 26,2736
17097864203,Census Tract 8642.03,4310
17097864204,Census Tract 8642.04,4484
17031710100,Census Tract 7101,1015
17031510300,Census Tract 5103,4850
17031231500,Census Tract 2315,5655
17031071300,Census Tract 713,3893
17031110300,Census Tract 1103,5348
17043844002,Census Tract 8440.02,4205
17043845510,Census Tract 8455.10,3308
17031831100,Census Tract 8311,6697
17031831500,Census Tract 8315,4421
17043845901,Census Tract 8459.01,3418
17197880303,Census Tract 8803.03,4117
17197882801,Census Tract 8828.01,2722
17197880118,Census Tract 8801.18,4676
17043844602,Census Tract 8446.02,5286
17031071000,Census Tract 710,4357
17031071200,Census Tract 712,2973
17089850708,Census Tract 8507.08,4473
17089850710,Census Tract 8507.10,7261
17031840300,Census Tract 8403,4196
17093890202,Census Tract 8902.02,3089
17197880320,Census Tract 8803.20,3481
17043844702,Census Tract 8447.02,5601
17161024300,Census Tract 243,2566
17031823805,Census Tract 8238.05,3189
17043845702,Census Tract 8457.02,4839
17043842708,Census Tract 8427.08,2551
17031570300,Census Tract 5703,6376
17031570400,Census Tract 5704,1769
17031570500,Census Tract 5705,2639
17197880304,Census Tract 8803.04,5018
17031770901,Census Tract 7709.01,5245
17031832400,Census Tract 8324,3601
17031832900,Census Tract 8329,1995
17143004901,Census Tract 49.01,3436
17143004000,Census Tract 40,4443
17179021102,Census Tract 211.02,5730
17095001600,Census Tract 16,3031
17095001100,Census Tract 11,2245
17031806900,Census Tract 8069,5342
17031807000,Census Tract 8070,5866
17031640400,Census Tract 6404,3390
17095000300,Census Tract 3,4134
17095001500,Census Tract 15,3682
17095000100,Census Tract 1,3011
17029000100,Census Tract 1,2658
17031250300,Census Tract 2503,4742
17031250400,Census Tract 2504,5789
17095001200,Census Tract 12,1612
17031810701,Census Tract 8107.01,4865
17031810702,Census Tract 8107.02,3914
17031691100,Census Tract 6911,2980
17031730100,Census Tract 7301,2462
17031730300,Census Tract 7303,1046
17101880700,Census Tract 8807,2644
17031410800,Census Tract 4108,2993
17167001900,Census Tract 19,3066
17099963600,Census Tract 9636,3310
17031670400,Census Tract 6704,1585
17031530600,Census Tract 5306,2774
17099962500,Census Tract 9625,2288
17099963900,Census Tract 9639,4919
17099962900,Census Tract 9629,3056
17031301600,Census Tract 3016,4995
17167001004,Census Tract 10.04,4729
17099963500,Census Tract 9635,4954
17099961800,Census Tract 9618,3685
17031243500,Census Tract 2435,4746
17031250200,Census Tract 2502,2779
17031813000,Census Tract 8130,3935
17031813100,Census Tract 8131,4678
17099962800,Census Tract 9628,3355
17099961900,Census Tract 9619,4285
17099962300,Census Tract 9623,6936
17099963700,Census Tract 9637,5459
17099963000,Census Tract 9630,4734
17031805600,Census Tract 8056,4710
17155954500,Census Tract 9545,2814
17155954600,Census Tract 9546,2823
17139976900,Census Tract 9769,4973
17139977200,Census Tract 9772,4070
17099964200,Census Tract 9642,2288
17139977100,Census Tract 9771,3127
17139977000,Census Tract 9770,2356
17055040200,Census Tract 402,2979
17055040400,Census Tract 404,3636
17055040800,Census Tract 408,3259
17031660700,Census Tract 6607,2076
17029001100,Census Tract 11,3464
17055040300,Census Tract 403,3046
17055040900,Census Tract 409,2313
17095001400,Census Tract 14,1717
17095000500,Census Tract 5,5462
17095000600,Census Tract 6,3497
17095000400,Census Tract 4,4873
17107953300,Census Tract 9533,3335
17031480300,Census Tract 4803,1348
17031480400,Census Tract 4804,5650
17031805502,Census Tract 8055.02,4295
17031530300,Census Tract 5303,3964
17031530400,Census Tract 5304,2059
17031560100,Census Tract 5601,1477
17031801701,Census Tract 8017.01,3846
17167001600,Census Tract 16,2930
17111871502,Census Tract 8715.02,8411
17111871313,Census Tract 8713.13,1793
17105961000,Census Tract 9610,2401
17043846103,Census Tract 8461.03,5257
17097864602,Census Tract 8646.02,3824
17111870907,Census Tract 8709.07,2967
17111870106,Census Tract 8701.06,3091
17097864700,Census Tract 8647,2914
17111870105,Census Tract 8701.05,3504
17111871501,Census Tract 8715.01,6302
17095000700,Census Tract 7,1901
17019010300,Census Tract 103,3494
17019001206,Census Tract 12.06,1886
17097863604,Census Tract 8636.04,2990
17019006000,Census Tract 60,3218
17097861504,Census Tract 8615.04,8472
17111870404,Census Tract 8704.04,3896
17111870501,Census Tract 8705.01,4351
17031320600,Census Tract 3206,6395
17089853402,Census Tract 8534.02,4527
17089853602,Census Tract 8536.02,3478
17111871312,Census Tract 8713.12,6393
17111870906,Census Tract 8709.06,5510
17077010200,Census Tract 102,3850
17097861010,Census Tract 8610.10,5930
17097861608,Census Tract 8616.08,3652
17097860806,Census Tract 8608.06,5148
17097860105,Census Tract 8601.05,5191
17031100700,Census Tract 1007,4967
17031110200,Census Tract 1102,2772
17111870813,Census Tract 8708.13,5115
17095000900,Census Tract 9,2047
17031815000,Census Tract 8150,4254
17031815100,Census Tract 8151,4318
17007010300,Census Tract 103,6674
17107953200,Census Tract 9532,3692
17097862300,Census Tract 8623,3146
17097864520,Census Tract 8645.20,5698
17111871113,Census Tract 8711.13,3988
17111871112,Census Tract 8711.12,5344
17097864521,Census Tract 8645.21,2537
17097864601,Census Tract 8646.01,3606
17105960400,Census Tract 9604,3099
17105960800,Census Tract 9608,5554
17111870104,Census Tract 8701.04,4848
17111870403,Census Tract 8704.03,4404
17031830100,Census Tract 8301,3297
17105960500,Census Tract 9605,3187
17105960300,Census Tract 9603,3117
17105960900,Census Tract 9609,2287
17105960200,Census Tract 9602,3305
17145030400,Census Tract 304,2432
17145030200,Census Tract 302,7114
17145030100,Census Tract 301,2902
17167001100,Census Tract 11,2358
17145030600,Census Tract 306,3910
17145030300,Census Tract 303,2061
17145030500,Census Tract 305,2526
17057953600,Census Tract 9536,4409
17031681300,Census Tract 6813,2182
17031330200,Census Tract 3302,4008
17167001800,Census Tract 18,1982
17031804508,Census Tract 8045.08,2343
17031834900,Census Tract 8349,1952
17031030603,Census Tract 306.03,2045
17097864107,Census Tract 8641.07,4920
17097864108,Census Tract 8641.08,5868
17019005800,Census Tract 58,3479
17031470100,Census Tract 4701,2527
17031480100,Census Tract 4801,2001
17031480200,Census Tract 4802,1103
17031800600,Census Tract 8006,2429
17031801000,Census Tract 8010,5337
17017960500,Census Tract 9605,2691
17097860302,Census Tract 8603.02,3032
17097860600,Census Tract 8606,7663
17097860805,Census Tract 8608.05,1648
17089852407,Census Tract 8524.07,3513
17089852104,Census Tract 8521.04,2986
17031801400,Census Tract 8014,2922
17031801603,Census Tract 8016.03,4138
17031806801,Census Tract 8068.01,4294
17197882500,Census Tract 8825,2090
17031825600,Census Tract 8256,5138
17161021800,Census Tract 218,4837
17089850707,Census Tract 8507.07,8375
17031806802,Census Tract 8068.02,3445
17089852404,Census Tract 8524.04,2545
17031280400,Census Tract 2804,1231
17031814800,Census Tract 8148,6445
17031814900,Census Tract 8149,6557
17127970400,Census Tract 9704,2230
17031672000,Census Tract 6720,3397
17001000800,Census Tract 8,2455
17089851912,Census Tract 8519.12,3358
17031490500,Census Tract 4905,1995
17031243400,Census Tract 2434,2880
17031071400,Census Tract 714,4962
17161021600,Census Tract 216,2687
17161021700,Census Tract 217,3676
17099962200,Census Tract 9622,4880
17099962600,Census Tract 9626,5727
17099963400,Census Tract 9634,3856
17099962000,Census Tract 9620,3539
17099962100,Census Tract 9621,5100
17099964100,Census Tract 9641,3612
17043842900,Census Tract 8429,6022
17043840201,Census Tract 8402.01,6348
17043841401,Census Tract 8414.01,6894
17043840101,Census Tract 8401.01,5680
17099963200,Census Tract 9632,2967
17099962400,Census Tract 9624,3836
17031805112,Census Tract 8051.12,3482
17031805201,Census Tract 8052.01,3475
17177001000,Census Tract 10,4354
17097862501,Census Tract 8625.01,3942
17031283100,Census Tract 2831,2717
17031283800,Census Tract 2838,3343
17031410700,Census Tract 4107,2399
17177000100,Census Tract 1,4500
17177000700,Census Tract 7,1474
17177000600,Census Tract 6,3091
17031824602,Census Tract 8246.02,6245
17031805301,Census Tract 8053.01,3588
17031805302,Census Tract 8053.02,3873
17031691200,Census Tract 6912,2277
17031805401,Census Tract 8054.01,4056
17177000200,Census Tract 2,3132
17177000900,Census Tract 9,4844
17177000300,Census Tract 3,3841
17177001300,Census Tract 13,3752
17099963300,Census Tract 9633,2410
17031812900,Census Tract 8129,4846
17177000800,Census Tract 8,3134
17119403502,Census Tract 4035.02,5870
17031823602,Census Tract 8236.02,6209
17031823604,Census Tract 8236.04,3509
17097863201,Census Tract 8632.01,3310
17097863202,Census Tract 8632.02,5478
17097863300,Census Tract 8633,2629
17175951400,Census Tract 9514,2981
17175951500,Census Tract 9515,2419
17035972500,Census Tract 9725,3356
17035972600,Census Tract 9726,4181
17031430102,Census Tract 4301.02,3104
17195000200,Census Tract 2,3008
17195001400,Census Tract 14,2243
17195000700,Census Tract 7,2736
17195001700,Census Tract 17,2892
17031770902,Census Tract 7709.02,3732
17037002200,Census Tract 22,3285
17031430101,Census Tract 4301.01,4091
17031220901,Census Tract 2209.01,2903
17031210602,Census Tract 2106.02,4148
17031220602,Census Tract 2206.02,4877
17031070101,Census Tract 701.01,4171
17195000500,Census Tract 5,3645
17043842500,Census Tract 8425,3578
17043842601,Census Tract 8426.01,4107
17031804109,Census Tract 8041.09,3078
17031760801,Census Tract 7608.01,4403
17031839000,Census Tract 8390,10435
17031440201,Census Tract 4402.01,5054
17031540101,Census Tract 5401.01,4324
17115000501,Census Tract 5.01,797
17089850302,Census Tract 8503.02,4788
17043842704,Census Tract 8427.04,5215
17043843700,Census Tract 8437,4373
17031804308,Census Tract 8043.08,5518
17089854505,Census Tract 8545.05,7821
17089853401,Census Tract 8534.01,2189
17097860905,Census Tract 8609.05,5608
17031824121,Census Tract 8241.21,3138
17031804611,Census Tract 8046.11,4653
17031824004,Census Tract 8240.04,5374
17031824006,Census Tract 8240.06,5096
17031252101,Census Tract 2521.01,1502
17031010501,Census Tract 105.01,4206
17097864410,Census Tract 8644.10,5066
17097864412,Census Tract 8644.12,4090
17019005601,Census Tract 56.01,6088
17031020701,Census Tract 207.01,1879
17031802004,Census Tract 8020.04,5871
17189950200,Census Tract 9502,3684
17189950400,Census Tract 9504,3918
17189950300,Census Tract 9503,3077
17031220701,Census Tract 2207.01,2920
17031063302,Census Tract 633.02,4577
17097864411,Census Tract 8644.11,4851
17031220601,Census Tract 2206.01,1635
17031040401,Census Tract 404.01,3129
17031550100,Census Tract 5501,7019
17031252202,Census Tract 2522.02,4783
17043843800,Census Tract 8438,3433
17043843900,Census Tract 8439,4216
17097860301,Census Tract 8603.01,3440
17097864517,Census Tract 8645.17,2933
17089852103,Census Tract 8521.03,6526
17031252201,Census Tract 2522.01,2940
17031820605,Census Tract 8206.05,4523
17031836300,Census Tract 8363,1492
17031814000,Census Tract 8140,4706
17031660302,Census Tract 6603.02,5549
17031660301,Census Tract 6603.01,1850
17031730202,Census Tract 7302.02,2893
17031802403,Census Tract 8024.03,1531
17031803016,Census Tract 8030.16,2490
17089852808,Census Tract 8528.08,7022
17089852907,Census Tract 8529.07,4930
17089853006,Census Tract 8530.06,3343
17031600400,Census Tract 6004,4297
17111871600,Census Tract 8716,4530
17201000700,Census Tract 7,3065
17097864206,Census Tract 8642.06,3478
17089851500,Census Tract 8515,1049
17031580200,Census Tract 5802,3466
17031832500,Census Tract 8325,3334
17043841802,Census Tract 8418.02,5515
17043842300,Census Tract 8423,3584
17043842400,Census Tract 8424,5062
17043844001,Census Tract 8440.01,3716
17043846509,Census Tract 8465.09,5876
17043846308,Census Tract 8463.08,3825
17031690400,Census Tract 6904,3363
17031691300,Census Tract 6913,2374
17031691400,Census Tract 6914,3411
17165955800,Census Tract 9558,3022
17165956200,Census Tract 9562,3556
17043840705,Census Tract 8407.05,3759
17043840706,Census Tract 8407.06,3370
17043840703,Census Tract 8407.03,4295
17097864303,Census Tract 8643.03,4581
17097866000,Census Tract 8660,6842
17031340300,Census Tract 3403,1865
17031340500,Census Tract 3405,1629
17201000512,Census Tract 5.12,5366
17041952400,Census Tract 9524,3471
17041952100,Census Tract 9521,4025
17031320400,Census Tract 3204,2856
17031580100,Census Tract 5801,3228
17031700100,Census Tract 7001,3326
17031843000,Census Tract 8430,2880
17097864306,Census Tract 8643.06,2292
17105960100,Census Tract 9601,4012
17031842900,Census Tract 8429,2480
17031843500,Census Tract 8435,6030
17191955200,Census Tract 9552,3032
17191955000,Census Tract 9550,4335
17113001103,Census Tract 11.03,3249
17165955500,Census Tract 9555,2199
17165956100,Census Tract 9561,2622
17031070400,Census Tract 704,3250
17031070500,Census Tract 705,3322
17031070600,Census Tract 706,3449
17191955300,Census Tract 9553,2832
17191954900,Census Tract 9549,3266
17191955100,Census Tract 9551,2714
17163501400,Census Tract 5014,2167
17119401500,Census Tract 4015,2440
17019005402,Census Tract 54.02,3170
17031817500,Census Tract 8175,3612
17089851910,Census Tract 8519.10,3927
17089851908,Census Tract 8519.08,5121
17113001106,Census Tract 11.06,3142
17163503202,Census Tract 5032.02,5461
17097863006,Census Tract 8630.06,898
17097863004,Census Tract 8630.04,3613
17113001403,Census Tract 14.03,3981
17097866200,Census Tract 8662,6162
17031590700,Census Tract 5907,3027
17111871109,Census Tract 8711.09,4888
17111871209,Census Tract 8712.09,3482
17111871310,Census Tract 8713.10,4323
17031310900,Census Tract 3109,4781
17031510100,Census Tract 5101,3231
17043843200,Census Tract 8432,5335
17041952000,Census Tract 9520,2181
17041952300,Census Tract 9523,5395
17041952200,Census Tract 9522,4668
17197881109,Census Tract 8811.09,4398
17199021001,Census Tract 210.01,2594
17043843500,Census Tract 8435,5528
17007010604,Census Tract 106.04,5547
17031110501,Census Tract 1105.01,4786
17031030104,Census Tract 301.04,3521
17031081401,Census Tract 814.01,2508
17113000504,Census Tract 5.04,5046
17031260900,Census Tract 2609,1778
17115001801,Census Tract 18.01,2209
17115000300,Census Tract 3,3523
17031500100,Census Tract 5001,3545
17031281900,Census Tract 2819,7031
17031491200,Census Tract 4912,2019
17031491300,Census Tract 4913,2023
17031010201,Census Tract 102.01,6939
17031670100,Census Tract 6701,1349
17163503404,Census Tract 5034.04,7971
17065973100,Census Tract 9731,3023
17065973200,Census Tract 9732,2367
17031560300,Census Tract 5603,3253
17031560700,Census Tract 5607,3635
17031310300,Census Tract 3103,1767
17031310400,Census Tract 3104,1375
17031261000,Census Tract 2610,2289
17031310500,Census Tract 3105,1399
17031802701,Census Tract 8027.01,6682
17031802702,Census Tract 8027.02,4710
17031560200,Census Tract 5602,1710
17197883505,Census Tract 8835.05,8769
17019011002,Census Tract 110.02,1888
17031804610,Census Tract 8046.10,2524
17031770201,Census Tract 7702.01,5894
17113001302,Census Tract 13.02,2077
17031560800,Census Tract 5608,5682
17113005602,Census Tract 56.02,2037
17113005202,Census Tract 52.02,3113
17031670600,Census Tract 6706,1339
17031670700,Census Tract 6707,1252
17031560900,Census Tract 5609,5112
17197980100,Census Tract 9801,2739
17113000105,Census Tract 1.05,3931
17199020802,Census Tract 208.02,4131
17199021002,Census Tract 210.02,1509
17199020801,Census Tract 208.01,2806
17031670800,Census Tract 6708,1477
17031670900,Census Tract 6709,1172
17031491400,Census Tract 4914,2593
17031520600,Census Tract 5206,2530
17031660500,Census Tract 6605,5013
17031804405,Census Tract 8044.05,3570
17031070200,Census Tract 702,4200
17031070300,Census Tract 703,4349
17031802402,Census Tract 8024.02,5543
17167003500,Census Tract 35,5175
17167003802,Census Tract 38.02,5864
17167002500,Census Tract 25,5104
17031831600,Census Tract 8316,7745
17031831200,Census Tract 8312,4832
17031831000,Census Tract 8310,2633
17043845704,Census Tract 8457.04,4896
17043845802,Census Tract 8458.02,3689
17031490600,Census Tract 4906,1443
17031490700,Census Tract 4907,2656
17031280900,Census Tract 2809,1077
17031660600,Census Tract 6606,6404
17031690500,Census Tract 6905,992
17031690900,Census Tract 6909,4250
17031691000,Census Tract 6910,2668
17167003601,Census Tract 36.01,2720
17031843100,Census Tract 8431,1747
17111870302,Census Tract 8703.02,4550
17089852903,Census Tract 8529.03,5193
17031710200,Census Tract 7102,4635
17031710400,Census Tract 7104,5424
17031710500,Census Tract 7105,4036
17031491100,Census Tract 4911,4079
17031530200,Census Tract 5302,4128
17031520100,Census Tract 5201,1745
17031802300,Census Tract 8023,5968
17099963800,Census Tract 9638,4114
17167001400,Census Tract 14,1183
17201002900,Census Tract 29,1117
17031670200,Census Tract 6702,1325
17031670300,Census Tract 6703,1287
17031520200,Census Tract 5202,3338
17167003400,Census Tract 34,5930
17167003202,Census Tract 32.02,5052
17167003000,Census Tract 30,5798
17031660900,Census Tract 6609,4446
17031661000,Census Tract 6610,5756
17057953400,Census Tract 9534,1724
17057952800,Census Tract 9528,2658
17031832000,Census Tract 8320,2062
17099964000,Census Tract 9640,2416
17057953800,Census Tract 9538,2454
17057953200,Census Tract 9532,2570
17031100100,Census Tract 1001,5538
17031491000,Census Tract 4910,3807
17031100300,Census Tract 1003,6252
17031520300,Census Tract 5203,5675
17031802504,Census Tract 8025.04,6442
17031520400,Census Tract 5204,4055
17031520500,Census Tract 5205,4420
17031660800,Census Tract 6608,6114
17031802503,Census Tract 8025.03,6412
17167000100,Census Tract 1,3517
17167003100,Census Tract 31,7518
17167003203,Census Tract 32.03,6535
17077010800,Census Tract 108,3345
17077010400,Census Tract 104,4298
17077010100,Census Tract 101,3366
17077011200,Census Tract 112,5091
17077010700,Census Tract 107,2991
17077011600,Census Tract 116,3721
17031661100,Census Tract 6611,6633
17031490800,Census Tract 4908,3502
17047957000,Census Tract 9570,2037
17167000201,Census Tract 2.01,2296
17031824123,Census Tract 8241.23,7753
17031242700,Census Tract 2427,1938
17031010503,Census Tract 105.03,2565
17031010502,Census Tract 105.02,3278
17031760803,Census Tract 7608.03,6394
17031530501,Census Tract 5305.01,4514
17091010701,Census Tract 107.01,4648
17031120400,Census Tract 1204,3526
17021958200,Census Tract 9582,3593
17043846507,Census Tract 8465.07,3166
17043846519,Census Tract 8465.19,3191
17021958500,Census Tract 9585,2138
17021958600,Census Tract 9586,2155
17043846511,Census Tract 8465.11,6565
17185957200,Census Tract 9572,3649
17197883212,Census Tract 8832.12,6239
17043846513,Census Tract 8465.13,2766
17021959000,Census Tract 9590,4796
17021958700,Census Tract 9587,5819
17021958100,Census Tract 9581,2835
17201000514,Census Tract 5.14,3368
17197883509,Census Tract 8835.09,4521
17043841102,Census Tract 8411.02,5787
17097860103,Census Tract 8601.03,3376
17043840801,Census Tract 8408.01,2621
17163500400,Census Tract 5004,1046
17163502603,Census Tract 5026.03,2915
17089854302,Census Tract 8543.02,3970
17089851301,Census Tract 8513.01,3843
17163502700,Census Tract 5027,975
17089851400,Census Tract 8514,6806
17043841206,Census Tract 8412.06,5877
17043841307,Census Tract 8413.07,5799
17125956600,Census Tract 9566,1762
17125956300,Census Tract 9563,2695
17125956700,Census Tract 9567,1650
17125956400,Census Tract 9564,1858
17043846515,Census Tract 8465.15,5420
17119403403,Census Tract 4034.03,2807
17031980100,Census Tract 9801,18
17031842800,Census Tract 8428,7637
17031836500,Census Tract 8365,1527
17043846208,Census Tract 8462.08,3179
17043846514,Census Tract 8465.14,4159
17031843900,Census Tract 8439,3666
17031242500,Census Tract 2425,3426
17185957500,Census Tract 9575,2675
17113005104,Census Tract 51.04,4600
17031010702,Census Tract 107.02,4776
17037000200,Census Tract 2,4513
17119400101,Census Tract 4001.01,2510
17119400102,Census Tract 4001.02,5137
17089852001,Census Tract 8520.01,4492
17089852002,Census Tract 8520.02,6722
17043843400,Census Tract 8434,3492
17043845803,Census Tract 8458.03,5649
17043842603,Census Tract 8426.03,4359
17197883811,Census Tract 8838.11,3025
17197883303,Census Tract 8833.03,3907
17119403002,Census Tract 4030.02,7212
17119403200,Census Tract 4032,4466
17119402600,Census Tract 4026,2555
17089851904,Census Tract 8519.04,7754
17197881202,Census Tract 8812.02,2095
17043842604,Census Tract 8426.04,4383
17043842605,Census Tract 8426.05,4289
17019001400,Census Tract 14,7616
17111871206,Census Tract 8712.06,6648
17197880204,Census Tract 8802.04,6150
17161023200,Census Tract 232,4931
17157951300,Census Tract 9513,2811
17055040700,Census Tract 407,4370
17055041200,Census Tract 412,3644
17055040500,Census Tract 405,3053
17055040100,Census Tract 401,3025
17197880503,Census Tract 8805.03,4350
17161023500,Census Tract 235,1943
17161023600,Census Tract 236,1609
17031330101,Census Tract 3301.01,4592
17031460800,Census Tract 4608,3639
17179020900,Census Tract 209,1934
17043845502,Census Tract 8455.02,5413
17031700401,Census Tract 7004.01,5822
17197880701,Census Tract 8807.01,4405
17197880418,Census Tract 8804.18,4933
17019011100,Census Tract 111,2161
17031803612,Census Tract 8036.12,3831
17031804713,Census Tract 8047.13,5037
17031804309,Census Tract 8043.09,3038
17069971000,Census Tract 9710,1578
17111871107,Census Tract 8711.07,5369
17111870301,Census Tract 8703.01,4545
17197880427,Census Tract 8804.27,2733
17091010204,Census Tract 102.04,5261
17157951202,Census Tract 9512.02,3082
17133600103,Census Tract 6001.03,3687
17031140800,Census Tract 1408,6486
17115003100,Census Tract 31,1741
17043845601,Census Tract 8456.01,4354
17031070103,Census Tract 701.03,1845
17027900404,Census Tract 9004.04,1403
17031340600,Census Tract 3406,1151
17031430200,Census Tract 4302,5086
17031430300,Census Tract 4303,2558
17097864514,Census Tract 8645.14,2653
17097864519,Census Tract 8645.19,5169
17031030101,Census Tract 301.01,3687
17031807200,Census Tract 8072,6059
17031190701,Census Tract 1907.01,2972
17031807100,Census Tract 8071,3984
17031030701,Census Tract 307.01,1671
17031824113,Census Tract 8241.13,6322
17031825304,Census Tract 8253.04,3923
17031830500,Census Tract 8305,4410
17031840100,Census Tract 8401,3029
17031842500,Census Tract 8425,2644
17031510200,Census Tract 5102,2922
17031561100,Census Tract 5611,5581
17031825303,Census Tract 8253.03,3785
17031841800,Census Tract 8418,2404
17197880116,Census Tract 8801.16,2913
17031841000,Census Tract 8410,1136
17031231200,Census Tract 2312,5983
17037002000,Census Tract 20,4732
17097863005,Census Tract 8630.05,4523
17097861610,Census Tract 8616.10,3755
17089850500,Census Tract 8505,3954
17089850600,Census Tract 8506,7443
17031838000,Census Tract 8380,2651
17031020301,Census Tract 203.01,5261
17031231100,Census Tract 2311,1214
17031242400,Census Tract 2424,2902
17097866100,Census Tract 8661,3433
17031160602,Census Tract 1606.02,3481
17031151002,Census Tract 1510.02,4588
17031151001,Census Tract 1510.01,2833
17031120200,Census Tract 1202,4748
17031120300,Census Tract 1203,6920
17137952100,Census Tract 9521,3538
17031841300,Census Tract 8413,4173
17031840700,Census Tract 8407,3900
17163502404,Census Tract 5024.04,3702
17043841320,Census Tract 8413.20,2613
17043841324,Census Tract 8413.24,2683
17097860908,Census Tract 8609.08,1875
17031842200,Census Tract 8422,4212
17089851801,Census Tract 8518.01,8379
17163504002,Census Tract 5040.02,5511
17163503412,Census Tract 5034.12,6082
17163504001,Census Tract 5040.01,5184
17019010603,Census Tract 106.03,7972
17019010604,Census Tract 106.04,2451
17201003711,Census Tract 37.11,4078
17201980000,Census Tract 9800,2
17089851302,Census Tract 8513.02,3203
17059972700,Census Tract 9727,2304
17197883808,Census Tract 8838.08,1414
17089853005,Census Tract 8530.05,5521
17089854504,Census Tract 8545.04,7941
17007010603,Census Tract 106.03,6380
17197880117,Census Tract 8801.17,3649
17093890701,Census Tract 8907.01,5364
17007010502,Census Tract 105.02,5795
17007010102,Census Tract 101.02,3756
17043841606,Census Tract 8416.06,2065
17195001101,Census Tract 11.01,2639
17197880423,Census Tract 8804.23,3763
17031842000,Census Tract 8420,2590
17049950600,Census Tract 9506,5499
17049950300,Census Tract 9503,4130
17049950100,Census Tract 9501,3910
17049950800,Census Tract 9508,4068
17043841312,Census Tract 8413.12,3795
17049950500,Census Tract 9505,4629
17049950200,Census Tract 9502,5196
17049950400,Census Tract 9504,3649
17197883902,Census Tract 8839.02,6495
17197881002,Census Tract 8810.02,5056
17197882900,Census Tract 8829,2387
17097864513,Census Tract 8645.13,6301
17031823703,Census Tract 8237.03,8659
17031829800,Census Tract 8298,6891
17197880115,Census Tract 8801.15,3276
17195001200,Census Tract 12,3842
17031804607,Census Tract 8046.07,7123
17031823901,Census Tract 8239.01,3515
17031804709,Census Tract 8047.09,6814
17089854301,Census Tract 8543.01,5371
17089853007,Census Tract 8530.07,5574
17049950700,Census Tract 9507,3587
17043846104,Census Tract 8461.04,4359
17195000300,Census Tract 3,3249
17195000100,Census Tract 1,3527
17195001300,Census Tract 13,2417
17195000900,Census Tract 9,3623
17195000600,Census Tract 6,4012
17195000800,Census Tract 8,1946
17031826800,Census Tract 8268,4596
17031710300,Census Tract 7103,1424
17089852803,Census Tract 8528.03,4992
17031834200,Census Tract 8342,4693
17103000100,Census Tract 1,2762
17103000900,Census Tract 9,3239
17103000500,Census Tract 5,4709
17103000800,Census Tract 8,3399
17031820800,Census Tract 8208,3695
17089850800,Census Tract 8508,6968
17089851000,Census Tract 8510,6693
17043846304,Census Tract 8463.04,6258
17043841114,Census Tract 8411.14,4476
17161022300,Census Tract 223,2081
17031020200,Census Tract 202,7128
17131040300,Census Tract 403,3783
17031061100,Census Tract 611,1367
17031061500,Census Tract 615,1797
17031210100,Census Tract 2101,4066
17031062000,Census Tract 620,2843
17031090100,Census Tract 901,3585
17031170900,Census Tract 1709,1662
17031351500,Census Tract 3515,823
17031811200,Census Tract 8112,5401
17031770800,Census Tract 7708,5661
17031804102,Census Tract 8041.02,7307
17031802605,Census Tract 8026.05,7125
17031820501,Census Tract 8205.01,5905
17111870903,Census Tract 8709.03,3600
17163503203,Census Tract 5032.03,6756
17031090200,Census Tract 902,6626
17031814700,Census Tract 8147,5548
17031819100,Census Tract 8191,4600
17031828801,Census Tract 8288.01,5122
17163501502,Census Tract 5015.02,2613
17163502100,Census Tract 5021,2246
17103000600,Census Tract 6,3425
17103000200,Census Tract 2,3227
17103000400,Census Tract 4,7503
17031210400,Census Tract 2104,2912
17031230700,Census Tract 2307,6218
17031230800,Census Tract 2308,1234
17087980000,Census Tract 9800,2447
17157950600,Census Tract 9506,4181
17163504355,Census Tract 5043.55,5300
17167002700,Census Tract 27,3044
17119402900,Census Tract 4029,5283
17089853300,Census Tract 8533,3745
17165955100,Census Tract 9551,2143
17165955700,Census Tract 9557,2663
17085020500,Census Tract 205,2995
17085020300,Census Tract 203,4909
17085020200,Census Tract 202,4800
17097861106,Census Tract 8611.06,8127
17097861201,Census Tract 8612.01,6730
17097864106,Census Tract 8641.06,4023
17055041100,Census Tract 411,3298
17089850703,Census Tract 8507.03,2128
17089850301,Census Tract 8503.01,7667
17073030301,Census Tract 303.01,3711
17055040600,Census Tract 406,2640
17055041000,Census Tract 410,2541
17031835100,Census Tract 8351,5585
17031835000,Census Tract 8350,6398
17089853500,Census Tract 8535,4530
17203030200,Census Tract 302,2760
17203030400,Census Tract 304,5782
17203030602,Census Tract 306.02,3597
17203030502,Census Tract 305.02,2387
17203030601,Census Tract 306.01,6324
17203030100,Census Tract 301,2430
17043840802,Census Tract 8408.02,5866
17097861202,Census Tract 8612.02,4031
17031843700,Census Tract 8437,2544
17003957900,Census Tract 9579,899
17195001600,Census Tract 16,2538
17195001800,Census Tract 18,2078
17203030300,Census Tract 303,2813
17203030501,Census Tract 305.01,7842
17203030700,Census Tract 307,4532
17195000400,Census Tract 4,3031
17195001000,Census Tract 10,2939
17031801800,Census Tract 8018,5972
17097860400,Census Tract 8604,5865
17043842200,Census Tract 8422,4731
17157950700,Census Tract 9507,2424
17163501100,Census Tract 5011,1216
17197881107,Census Tract 8811.07,2857
17157951100,Census Tract 9511,3358
17157950500,Census Tract 9505,2063
17157950800,Census Tract 9508,4681
17157950900,Census Tract 9509,3193
17157951000,Census Tract 9510,2587
17089852905,Census Tract 8529.05,4684
17197980000,Census Tract 9800,0
17197883306,Census Tract 8833.06,3567
17031823702,Census Tract 8237.02,7050
17197883510,Census Tract 8835.10,7057
17197883507,Census Tract 8835.07,3878
17197884005,Census Tract 8840.05,1367
17097861509,Census Tract 8615.09,3295
17097861510,Census Tract 8615.10,5071
17197884004,Census Tract 8840.04,2464
17197883606,Census Tract 8836.06,4138
17097861603,Census Tract 8616.03,6106
17031160501,Census Tract 1605.01,3703
17019001302,Census Tract 13.02,4892
17031815800,Census Tract 8158,1630
17043846413,Census Tract 8464.13,3708
17043841002,Census Tract 8410.02,3321
17097860808,Census Tract 8608.08,2639
17039971500,Census Tract 9715,2601
17039971800,Census Tract 9718,3562
17039971600,Census Tract 9716,3589
17039971700,Census Tract 9717,3271
17039971400,Census Tract 9714,2493
17031612200,Census Tract 6122,3939
17031844700,Census Tract 8447,2342
17199021003,Census Tract 210.03,1120
17197883211,Census Tract 8832.11,6584
17031813900,Census Tract 8139,6768
17031822702,Census Tract 8227.02,3828
17031822801,Census Tract 8228.01,3258
17197882601,Census Tract 8826.01,3301
17197883402,Census Tract 8834.02,1940
17197884006,Census Tract 8840.06,2124
17031814300,Census Tract 8143,4690
17031814400,Census Tract 8144,7781
17031812301,Census Tract 8123.01,4978
17031813802,Census Tract 8138.02,4958
17031813701,Census Tract 8137.01,3886
17179020800,Census Tract 208,2909
17031823605,Census Tract 8236.05,4177
17031830008,Census Tract 8300.08,4342
17163502800,Census Tract 5028,2155
17163502900,Census Tract 5029,1634
17031840400,Census Tract 8404,3369
17031839200,Census Tract 8392,2749
17031837400,Census Tract 8374,1990
17031837800,Census Tract 8378,2837
17201000501,Census Tract 5.01,4916
17037000402,Census Tract 4.02,5184
17097861506,Census Tract 8615.06,6109
17031490200,Census Tract 4902,3040
17037000401,Census Tract 4.01,3975
17031031900,Census Tract 319,2522
17201000502,Census Tract 5.02,3862
17167000504,Census Tract 5.04,2802
17031803702,Census Tract 8037.02,6376
17031804510,Census Tract 8045.10,5872
17031837100,Census Tract 8371,1652
17031190402,Census Tract 1904.02,5294
17031431301,Census Tract 4313.01,3590
17019005500,Census Tract 55,5289
17119403404,Census Tract 4034.04,3093
17031812801,Census Tract 8128.01,3387
17031841700,Census Tract 8417,1509
17031822601,Census Tract 8226.01,4793
17031822701,Census Tract 8227.01,4438
17031814100,Census Tract 8141,4683
17031630600,Census Tract 6306,3250
17031803614,Census Tract 8036.14,4422
17043846106,Census Tract 8461.06,3639
17043844802,Census Tract 8448.02,3472
17043844902,Census Tract 8449.02,4229
17031814200,Census Tract 8142,7671
17037002100,Census Tract 21,2461
17097861507,Census Tract 8615.07,3076
17097861508,Census Tract 8615.08,3437
17037000800,Census Tract 8,6635
17037001300,Census Tract 13,5267
17037001800,Census Tract 18,3764
17031818600,Census Tract 8186,5093
17163502300,Census Tract 5023,5205
17031804807,Census Tract 8048.07,5224
17031801605,Census Tract 8016.05,5883
17031800700,Census Tract 8007,5257
17031031400,Census Tract 314,5221
17031061000,Census Tract 610,2279
17199020500,Census Tract 205,3400
17199021100,Census Tract 211,2958
17031062300,Census Tract 623,1667
17031823903,Census Tract 8239.03,4657
17031815701,Census Tract 8157.01,4124
17031811600,Census Tract 8116,6053
17031823102,Census Tract 8231.02,3642
17031630400,Census Tract 6304,7204
17031818401,Census Tract 8184.01,3613
17031819000,Census Tract 8190,4768
17031802900,Census Tract 8029,6055
17031031700,Census Tract 317,6294
17031610400,Census Tract 6104,2029
17031822802,Census Tract 8228.02,3669
17031671400,Census Tract 6714,1558
17031800400,Census Tract 8004,3936
17031827902,Census Tract 8279.02,4558
17031829902,Census Tract 8299.02,6457
17031010100,Census Tract 101,4905
17197882200,Census Tract 8822,4824
17031050600,Census Tract 506,2443
17031820103,Census Tract 8201.03,4285
17031040900,Census Tract 409,2063
17091010203,Census Tract 102.03,4597
17031805801,Census Tract 8058.01,2580
17143003403,Census Tract 34.03,3395
17077010602,Census Tract 106.02,3288
17199021400,Census Tract 214,5502
17031031800,Census Tract 318,1910
17031824127,Census Tract 8241.27,3706
17031071700,Census Tract 717,1660
17031050500,Census Tract 505,5117
17031823200,Census Tract 8232,4775
17031050200,Census Tract 502,5309
17031050300,Census Tract 503,2671
17147954600,Census Tract 9546,6310
17147954500,Census Tract 9545,4426
17031828503,Census Tract 8285.03,4322
17031802002,Census Tract 8020.02,5130
17031826202,Census Tract 8262.02,5710
17147954700,Census Tract 9547,3174
17147954800,Census Tract 9548,2763
17093890108,Census Tract 8901.08,5473
17093890502,Census Tract 8905.02,4638
17031230900,Census Tract 2309,5044
17201001400,Census Tract 14,4122
17093890106,Census Tract 8901.06,4966
17031081300,Census Tract 813,5540
17031081000,Census Tract 810,8746
17031222800,Census Tract 2228,960
17031050800,Census Tract 508,1406
17187870500,Census Tract 8705,4810
17183010701,Census Tract 107.01,2894
17031841900,Census Tract 8419,6500
17031802003,Census Tract 8020.03,2679
17093890403,Census Tract 8904.03,5970
17031839500,Census Tract 8395,1590
17031835800,Census Tract 8358,1698
17031838800,Census Tract 8388,3102
17031842300,Census Tract 8423,3529
17083010200,Census Tract 102,3320
17083010500,Census Tract 105,1463
17031300500,Census Tract 3005,3243
17031816100,Census Tract 8161,6259
17031817300,Census Tract 8173,2799
17083010100,Census Tract 101,5152
17083010300,Census Tract 103,3602
17031381500,Census Tract 3815,667
17031420500,Census Tract 4205,2053
17031811500,Census Tract 8115,6031
17201001100,Census Tract 11,1243
17201001300,Census Tract 13,2110
17161020301,Census Tract 203.01,4358
17093890402,Census Tract 8904.02,9883
17093890105,Census Tract 8901.05,9032
17031811800,Census Tract 8118,5644
17021958900,Census Tract 9589,2554
17031030200,Census Tract 302,5627
17031230100,Census Tract 2301,1504
17031230200,Census Tract 2302,1834
17031230300,Census Tract 2303,956
17031230400,Census Tract 2304,2235
17031230500,Census Tract 2305,3419
17031811900,Census Tract 8119,6051
17043840000,Census Tract 8400,2835
17043840600,Census Tract 8406,5068
17031770500,Census Tract 7705,4632
17019005401,Census Tract 54.01,4531
17031030706,Census Tract 307.06,2933
17007010200,Census Tract 102,5640
17097863603,Census Tract 8636.03,3518
17031600600,Census Tract 6006,2988
17183000800,Census Tract 8,2241
17031320102,Census Tract 3201.02,4846
17201000403,Census Tract 4.03,4438
17031110100,Census Tract 1101,5568
17031808200,Census Tract 8082,5646
17091010602,Census Tract 106.02,6137
17091010702,Census Tract 107.02,6860
17091010201,Census Tract 102.01,2101
17097861611,Census Tract 8616.11,4471
17091010601,Census Tract 106.01,5529
17127970200,Census Tract 9702,3726
17197880202,Census Tract 8802.02,4716
17187870100,Census Tract 8701,2087
17187870200,Census Tract 8702,2573
17197883100,Census Tract 8831,3961
17141961301,Census Tract 9613.01,2483
17141961001,Census Tract 9610.01,3190
17141961302,Census Tract 9613.02,2588
17031804506,Census Tract 8045.06,5472
17031824119,Census Tract 8241.19,5456
17197882300,Census Tract 8823,3891
17031221200,Census Tract 2212,2954
17197881800,Census Tract 8818,4057
17197881900,Census Tract 8819,3770
17097862502,Census Tract 8625.02,2281
17031808800,Census Tract 8088,3988
17031831900,Census Tract 8319,3040
17031832600,Census Tract 8326,4147
17097862800,Census Tract 8628,1963
17097862901,Census Tract 8629.01,3692
17097862902,Census Tract 8629.02,2782
17031836900,Census Tract 8369,1439
17031841200,Census Tract 8412,4873
17183000200,Census Tract 2,1367
17031823002,Census Tract 8230.02,6006
17075950500,Census Tract 9505,3795
17075950300,Census Tract 9503,3179
17075950800,Census Tract 9508,2327
17075950400,Census Tract 9504,3227
17031820604,Census Tract 8206.04,3689
17115001900,Census Tract 19,2476
17075950600,Census Tract 9506,3490
17075950100,Census Tract 9501,2528
17075950900,Census Tract 9509,2193
17123961300,Census Tract 9613,2092
17123961100,Census Tract 9611,2412
17187870400,Census Tract 8704,4804
17187870300,Census Tract 8703,2561
17031815500,Census Tract 8155,8310
17031823704,Census Tract 8237.04,4191
17075950200,Census Tract 9502,3586
17075950700,Census Tract 9507,2752
17123961200,Census Tract 9612,2426
17123961500,Census Tract 9615,2046
17123961400,Census Tract 9614,2766
17097862603,Census Tract 8626.03,7062
17127970300,Census Tract 9703,3248
17127970100,Census Tract 9701,4965
17199020700,Census Tract 207,4791
17199021300,Census Tract 213,4688
17031829903,Census Tract 8299.03,4529
17031823904,Census Tract 8239.04,4043
17031020400,Census Tract 204,4435
17031080202,Census Tract 802.02,4225
17179021101,Census Tract 211.01,6352
17143001800,Census Tract 18,3130
17143001900,Census Tract 19,1021
17163502401,Census Tract 5024.01,832
17031071600,Census Tract 716,1793
17031828505,Census Tract 8285.05,6682
17031830004,Census Tract 8300.04,7529
17019010204,Census Tract 102.04,4377
17031804312,Census Tract 8043.12,2238
17031803615,Census Tract 8036.15,2752
17163504353,Census Tract 5043.53,4362
17031420600,Census Tract 4206,2524
17163501200,Census Tract 5012,2626
17031140100,Census Tract 1401,3464
17201002301,Census Tract 23.01,2410
17163501300,Census Tract 5013,2568
17163501602,Census Tract 5016.02,4980
17031817900,Census Tract 8179,5532
17031803613,Census Tract 8036.13,3434
17097863904,Census Tract 8639.04,5972
17097864001,Census Tract 8640.01,6270
17097864002,Census Tract 8640.02,6068
17031827901,Census Tract 8279.01,2421
17031829500,Census Tract 8295,4001
17031829100,Census Tract 8291,3512
17031824503,Census Tract 8245.03,6880
17031824106,Census Tract 8241.06,7021
17031820502,Census Tract 8205.02,5380
17031820901,Census Tract 8209.01,5582
17031823801,Census Tract 8238.01,5873
17031801608,Census Tract 8016.08,7057
17031550200,Census Tract 5502,2969
17031823304,Census Tract 8233.04,5872
17031822602,Census Tract 8226.02,7296
17031805901,Census Tract 8059.01,4341
17031300800,Census Tract 3008,4136
17031803901,Census Tract 8039.01,3935
17031801601,Census Tract 8016.01,4734
17031800900,Census Tract 8009,4505
17031823400,Census Tract 8234,4892
17031821500,Census Tract 8215,1421
17119403532,Census Tract 4035.32,5611
17197880119,Census Tract 8801.19,4445
17197880702,Census Tract 8807.02,2712
17197880411,Census Tract 8804.11,3328
17043841322,Census Tract 8413.22,4326
17031260100,Census Tract 2601,1477
17031260200,Census Tract 2602,1054
17197880421,Census Tract 8804.21,6407
17197884103,Census Tract 8841.03,2642
17197884101,Census Tract 8841.01,3744
17197880901,Census Tract 8809.01,6156
17043841108,Census Tract 8411.08,4589
17043844202,Census Tract 8442.02,2741
17043845100,Census Tract 8451,6522
17097863902,Census Tract 8639.02,6000
17097863903,Census Tract 8639.03,4424
17031210800,Census Tract 2108,986
17031030500,Census Tract 305,6183
17197881604,Census Tract 8816.04,2617
17197881112,Census Tract 8811.12,5581
17031051100,Census Tract 511,1599
17031051200,Census Tract 512,1581
17031210900,Census Tract 2109,3170
17119403802,Census Tract 4038.02,4431
17119401000,Census Tract 4010,2314
17197883515,Census Tract 8835.15,4183
17197883522,Census Tract 8835.22,3275
17197883514,Census Tract 8835.14,7214
17031805701,Census Tract 8057.01,5485
17119403601,Census Tract 4036.01,3646
17119402400,Census Tract 4024,1538
17031819700,Census Tract 8197,6028
17031804803,Census Tract 8048.03,5721
17031191100,Census Tract 1911,7533
17031804105,Census Tract 8041.05,4168
17119403101,Census Tract 4031.01,6944
17119401300,Census Tract 4013,4715
17119402722,Census Tract 4027.22,2828
17031351100,Census Tract 3511,2038
17031827500,Census Tract 8275,4465
17031120100,Census Tract 1201,4402
17031804705,Census Tract 8047.05,4148
17031803603,Census Tract 8036.03,6824
17119401721,Census Tract 4017.21,5532
17119403533,Census Tract 4035.33,10554
17119403702,Census Tract 4037.02,6271
17119403701,Census Tract 4037.01,6759
17119403603,Census Tract 4036.03,1866
17119404100,Census Tract 4041,2833
17097863500,Census Tract 8635,4538
17031807600,Census Tract 8076,6705
17031826201,Census Tract 8262.01,3844
17031170300,Census Tract 1703,5216
17031820101,Census Tract 8201.01,7889
17103000700,Census Tract 7,1809
17103000300,Census Tract 3,4072
17031062100,Census Tract 621,3817
17031062200,Census Tract 622,3244
17031190100,Census Tract 1901,2325
17031032100,Census Tract 321,7543
17031823001,Census Tract 8230.01,6624
17027900602,Census Tract 9006.02,6900
17027900601,Census Tract 9006.01,2460
17027900401,Census Tract 9004.01,1201
17031061800,Census Tract 618,1051
17031825000,Census Tract 8250,4766
17031824300,Census Tract 8243,4499
17031824601,Census Tract 8246.01,4392
17031818500,Census Tract 8185,5650
17031020500,Census Tract 205,6599
17031130300,Census Tract 1303,5083
